id,Locality,Type of property,Subtype of property,Price,Type of sale,Number of rooms,Living Area,Fully equipped kitchen,Furnished,Fireplace,Terrace,Terrace area,Garden,Garden area,Surface of the land,Surface area of the plot of land,Number of facades,Swimming pool,State of the building,Compound Listing
20320744,1150,APARTMENT,APARTMENT,575000,residential_sale,3,160,1.0,0.0,0,1.0,40.0,1.0,290.0,290.0,,,0.0,GOOD,single
20324360,2640,APARTMENT,APARTMENT,235000,residential_sale,1,54,1.0,,0,1.0,12.0,,,,,,,,compound
20324359,2640,APARTMENT,APARTMENT,332800,residential_sale,2,95,1.0,,0,1.0,13.0,,,,,,,,compound
20324374,2640,APARTMENT,APARTMENT,380363,residential_sale,2,95,1.0,,0,1.0,13.0,,,,,,,,compound
20324335,2640,APARTMENT,APARTMENT,391388,residential_sale,2,98,1.0,,0,1.0,37.0,,,,,,,,compound
20324344,2640,APARTMENT,APARTMENT,424463,residential_sale,3,105,1.0,,0,1.0,14.0,,,,,,,,compound
20324342,2640,APARTMENT,APARTMENT,589050,residential_sale,3,127,1.0,,0,1.0,17.0,,,,,,,,compound
20324388,9230,APARTMENT,APARTMENT,330000,residential_sale,2,117,1.0,,0,1.0,15.0,,,,,2.0,,,compound
20324129,1000,APARTMENT,FLAT_STUDIO,399000,residential_sale,0,56,1.0,0.0,0,1.0,11.0,,,,,2.0,0.0,,compound
20324124,1000,APARTMENT,LOFT,499000,residential_sale,1,81,1.0,0.0,0,1.0,9.0,,,,,2.0,,AS_NEW,compound
20324136,1000,APARTMENT,APARTMENT,1410000,residential_sale,3,184,1.0,0.0,0,1.0,23.0,,,,,2.0,,AS_NEW,compound
20324115,1000,APARTMENT,APARTMENT,1485000,residential_sale,3,192,1.0,0.0,0,1.0,26.0,,,,,2.0,,AS_NEW,compound
20324724,1160,APARTMENT,GROUND_FLOOR,315000,residential_sale,2,77,1.0,0.0,0,,,1.0,80.0,80.0,,2.0,0.0,GOOD,single
20317705,9000,APARTMENT,APARTMENT,340000,residential_sale,2,85,1.0,0.0,0,1.0,12.0,,,,,2.0,0.0,AS_NEW,compound
20324844,8600,APARTMENT,APARTMENT,354500,residential_sale,2,110,1.0,,0,1.0,,,,,,,,GOOD,compound
20324829,8600,APARTMENT,APARTMENT,425600,residential_sale,3,133,1.0,0.0,0,1.0,,,,,,,,GOOD,compound
20318348,1080,APARTMENT,APARTMENT,346500,residential_sale,3,101,1.0,0.0,0,1.0,7.0,,,,,2.0,0.0,AS_NEW,compound
20318346,1080,APARTMENT,DUPLEX,406500,residential_sale,2,115,1.0,0.0,0,1.0,28.0,1.0,24.0,24.0,,2.0,0.0,AS_NEW,compound
20320287,1000,APARTMENT,APARTMENT,330000,residential_sale,2,92,1.0,,0,,,,,,,4.0,,,compound
20320054,1000,APARTMENT,GROUND_FLOOR,366000,residential_sale,2,99,1.0,,0,1.0,12.0,,,,,4.0,,AS_NEW,compound
20324886,8540,APARTMENT,APARTMENT,345000,residential_sale,2,112,1.0,0.0,0,1.0,9.0,,,,,,,GOOD,compound
20324889,8540,APARTMENT,APARTMENT,424000,residential_sale,3,119,1.0,0.0,0,1.0,21.0,,,,,,,GOOD,compound
20320301,1000,APARTMENT,GROUND_FLOOR,365000,residential_sale,2,100,1.0,,0,1.0,10.0,,,,,3.0,,,compound
20318960,1310,APARTMENT,APARTMENT,1939000,residential_sale,3,264,1.0,0.0,0,1.0,40.0,,,,,3.0,0.0,AS_NEW,compound
20318944,1310,APARTMENT,APARTMENT,2099000,residential_sale,3,300,1.0,0.0,0,1.0,43.0,,,,,,0.0,AS_NEW,compound
20315431,2660,APARTMENT,APARTMENT,229000,residential_sale,3,100,,,0,1.0,26.0,,,,,2.0,,AS_NEW,single
20316238,9800,APARTMENT,APARTMENT,272000,residential_sale,2,88,1.0,0.0,0,1.0,25.0,,,,,,,GOOD,compound
20316180,9800,APARTMENT,APARTMENT,280000,residential_sale,2,91,1.0,0.0,0,1.0,8.0,,,,,,,GOOD,compound
20316214,9800,APARTMENT,APARTMENT,297000,residential_sale,2,97,1.0,0.0,0,1.0,4.0,,,,,,,GOOD,compound
20316179,9800,APARTMENT,APARTMENT,355000,residential_sale,3,142,1.0,0.0,0,1.0,11.0,,,,,,,GOOD,compound
20315772,1730,APARTMENT,DUPLEX,325000,residential_sale,2,102,,0.0,0,1.0,34.0,,,,,2.0,,AS_NEW,compound
20324463,8370,APARTMENT,APARTMENT,299000,residential_sale,3,156,1.0,,0,1.0,,,,,,4.0,,GOOD,single
20313380,2160,APARTMENT,APARTMENT,249000,residential_sale,3,99,1.0,,0,1.0,4.0,,,,,,,GOOD,single
20313186,1070,APARTMENT,KOT,132350,residential_sale,0,17,,,0,,,,,,,2.0,,AS_NEW,compound
20313234,1070,APARTMENT,KOT,132350,residential_sale,0,17,,,0,,,,,,,2.0,,AS_NEW,compound
20313091,1070,APARTMENT,KOT,132350,residential_sale,0,17,,,0,,,,,,,2.0,,AS_NEW,compound
20313133,1070,APARTMENT,KOT,132350,residential_sale,0,17,,,0,,,,,,,2.0,,AS_NEW,compound
20313158,1070,APARTMENT,KOT,132350,residential_sale,0,17,,,0,,,,,,,2.0,,AS_NEW,compound
20313233,1070,APARTMENT,KOT,132350,residential_sale,0,17,,,0,,,,,,,2.0,,AS_NEW,compound
20313070,1070,APARTMENT,KOT,132350,residential_sale,0,17,,,0,,,,,,,2.0,,AS_NEW,compound
20313168,1070,APARTMENT,KOT,132350,residential_sale,0,17,,,0,,,,,,,2.0,,AS_NEW,compound
20313225,1070,APARTMENT,KOT,132350,residential_sale,0,17,,,0,,,,,,,2.0,,AS_NEW,compound
20313067,1070,APARTMENT,KOT,132350,residential_sale,0,17,,,0,,,,,,,2.0,,AS_NEW,compound
20313252,1070,APARTMENT,KOT,132350,residential_sale,0,17,,,0,,,,,,,2.0,,AS_NEW,compound
20313156,1070,APARTMENT,KOT,132350,residential_sale,0,17,,,0,,,,,,,2.0,,AS_NEW,compound
20313107,1070,APARTMENT,KOT,132350,residential_sale,0,17,,,0,,,,,,,2.0,,AS_NEW,compound
20313053,1070,APARTMENT,KOT,132350,residential_sale,0,17,,,0,,,,,,,2.0,,AS_NEW,compound
20313257,1070,APARTMENT,KOT,132350,residential_sale,0,17,,,0,,,,,,,2.0,,AS_NEW,compound
20313075,1070,APARTMENT,KOT,132350,residential_sale,0,17,,,0,,,,,,,2.0,,AS_NEW,compound
20313165,1070,APARTMENT,KOT,132350,residential_sale,0,17,,,0,,,,,,,2.0,,AS_NEW,compound
20313054,1070,APARTMENT,KOT,132350,residential_sale,0,17,,,0,,,,,,,2.0,,AS_NEW,compound
20313259,1070,APARTMENT,KOT,132350,residential_sale,0,17,,,0,,,,,,,2.0,,AS_NEW,compound
20313207,1070,APARTMENT,KOT,132350,residential_sale,0,17,,,0,,,,,,,2.0,,AS_NEW,compound
20313230,1070,APARTMENT,KOT,132350,residential_sale,0,17,,,0,,,,,,,2.0,,AS_NEW,compound
20313132,1070,APARTMENT,KOT,132350,residential_sale,0,17,,,0,,,,,,,2.0,,AS_NEW,compound
20313254,1070,APARTMENT,KOT,132350,residential_sale,0,17,,,0,,,,,,,2.0,,AS_NEW,compound
20313137,1070,APARTMENT,KOT,132350,residential_sale,0,17,,,0,,,,,,,2.0,,AS_NEW,compound
20313050,1070,APARTMENT,KOT,132350,residential_sale,0,17,,,0,,,,,,,2.0,,AS_NEW,compound
20313122,1070,APARTMENT,KOT,132350,residential_sale,0,17,,,0,,,,,,,2.0,,AS_NEW,compound
20313246,1070,APARTMENT,KOT,132350,residential_sale,0,17,,,0,,,,,,,2.0,,AS_NEW,compound
20313237,1070,APARTMENT,KOT,132350,residential_sale,0,17,,,0,,,,,,,2.0,,AS_NEW,compound
20313073,1070,APARTMENT,KOT,132350,residential_sale,0,17,,,0,,,,,,,2.0,,AS_NEW,compound
20313224,1070,APARTMENT,KOT,132350,residential_sale,0,17,,,0,,,,,,,2.0,,AS_NEW,compound
20313147,1070,APARTMENT,KOT,132350,residential_sale,0,17,,,0,,,,,,,2.0,,AS_NEW,compound
20313143,1070,APARTMENT,KOT,132350,residential_sale,0,17,,,0,,,,,,,2.0,,AS_NEW,compound
20313166,1070,APARTMENT,KOT,132350,residential_sale,0,17,,,0,,,,,,,2.0,,AS_NEW,compound
20313227,1070,APARTMENT,KOT,132350,residential_sale,0,17,,,0,,,,,,,2.0,,AS_NEW,compound
20313181,1070,APARTMENT,FLAT_STUDIO,199900,residential_sale,0,34,1.0,,0,1.0,9.0,,,,,2.0,,AS_NEW,compound
20313059,1070,APARTMENT,FLAT_STUDIO,199900,residential_sale,0,34,1.0,,0,1.0,6.0,,,,,2.0,,AS_NEW,compound
20313188,1070,APARTMENT,KOT,213600,residential_sale,0,34,,,0,,,,,,,2.0,,AS_NEW,compound
20313138,1070,APARTMENT,FLAT_STUDIO,234438,residential_sale,0,40,1.0,,0,1.0,5.0,,,,,2.0,,AS_NEW,compound
20313179,1070,APARTMENT,FLAT_STUDIO,241050,residential_sale,0,40,1.0,,0,1.0,5.0,,,,,2.0,,AS_NEW,compound
20313111,1070,APARTMENT,FLAT_STUDIO,258650,residential_sale,0,44,1.0,,0,1.0,6.0,,,,,2.0,,AS_NEW,compound
20313183,1070,APARTMENT,FLAT_STUDIO,258650,residential_sale,0,44,1.0,,0,1.0,6.0,,,,,2.0,,AS_NEW,compound
20313192,1070,APARTMENT,FLAT_STUDIO,258650,residential_sale,0,44,1.0,,0,1.0,6.0,,,,,2.0,,AS_NEW,compound
20313240,1070,APARTMENT,FLAT_STUDIO,258650,residential_sale,0,44,1.0,,0,1.0,6.0,,,,,2.0,,AS_NEW,compound
20313219,1070,APARTMENT,FLAT_STUDIO,258650,residential_sale,0,44,1.0,,0,1.0,6.0,,,,,2.0,,AS_NEW,compound
20313061,1070,APARTMENT,FLAT_STUDIO,258650,residential_sale,0,44,1.0,,0,1.0,6.0,,,,,2.0,,AS_NEW,compound
20313218,1070,APARTMENT,FLAT_STUDIO,258650,residential_sale,0,44,1.0,,0,1.0,6.0,,,,,2.0,,AS_NEW,compound
20313216,1070,APARTMENT,FLAT_STUDIO,258650,residential_sale,0,44,1.0,,0,1.0,6.0,,,,,2.0,,AS_NEW,compound
20313193,1070,APARTMENT,FLAT_STUDIO,258650,residential_sale,0,44,1.0,,0,1.0,6.0,,,,,2.0,,AS_NEW,compound
20313195,1070,APARTMENT,FLAT_STUDIO,258650,residential_sale,0,44,1.0,,0,1.0,6.0,,,,,2.0,,AS_NEW,compound
20313182,1070,APARTMENT,FLAT_STUDIO,258650,residential_sale,0,44,1.0,,0,1.0,6.0,,,,,2.0,,AS_NEW,compound
20313119,1070,APARTMENT,FLAT_STUDIO,258650,residential_sale,0,44,1.0,,0,1.0,6.0,,,,,2.0,,AS_NEW,compound
20313069,1070,APARTMENT,FLAT_STUDIO,258650,residential_sale,0,44,1.0,,0,1.0,6.0,,,,,2.0,,AS_NEW,compound
20313136,1070,APARTMENT,FLAT_STUDIO,288100,residential_sale,0,49,1.0,,0,1.0,6.0,,,,,2.0,,AS_NEW,compound
20313740,2180,APARTMENT,APARTMENT,419000,residential_sale,2,102,1.0,,0,1.0,51.0,,,,,2.0,,,compound
20323700,1180,HOUSE,TOWN_HOUSE,965000,residential_sale,4,245,1.0,,0,1.0,20.0,,,,293.0,3.0,,AS_NEW,single
20315988,8500,HOUSE,HOUSE,164500,residential_sale,3,120,1.0,,0,1.0,20.0,1.0,40.0,40.0,94.0,2.0,,GOOD,single
20315481,9600,HOUSE,HOUSE,229000,residential_sale,4,136,1.0,0.0,0,1.0,15.0,1.0,215.0,215.0,307.0,3.0,0.0,AS_NEW,single
20320358,9000,APARTMENT,APARTMENT,340000,residential_sale,2,72,,0.0,0,1.0,,,,,,,,GOOD,single
20312550,8790,APARTMENT,APARTMENT,345000,residential_sale,2,172,1.0,,0,1.0,25.0,,,,,,,GOOD,single
20323441,1150,HOUSE,HOUSE,1200000,residential_sale,5,250,,,1,,,1.0,400.0,400.0,480.0,3.0,,,single
20318981,8300,APARTMENT,APARTMENT,3850000,residential_sale,3,182,1.0,0.0,0,1.0,,,,,,2.0,,GOOD,single
20311469,9300,APARTMENT,APARTMENT,549000,residential_sale,4,180,1.0,,0,1.0,15.0,,,,,2.0,,GOOD,single
20324061,2100,HOUSE,HOUSE,349000,residential_sale,3,207,,,0,,,,,,75.0,2.0,,TO_RENOVATE,single
20319150,1430,HOUSE,COUNTRY_COTTAGE,650000,residential_sale,3,300,,,0,1.0,40.0,1.0,600.0,600.0,1315.0,4.0,,,single
20324750,2650,APARTMENT,DUPLEX,445000,residential_sale,2,215,1.0,,0,1.0,,,,,,,,GOOD,single
20323982,1420,APARTMENT,APARTMENT,322000,residential_sale,1,78,1.0,,0,1.0,8.0,,,,,3.0,0.0,AS_NEW,compound
20324078,1050,APARTMENT,FLAT_STUDIO,399000,residential_sale,0,56,1.0,0.0,0,1.0,11.0,,,,,2.0,0.0,,compound
20324194,1410,APARTMENT,GROUND_FLOOR,517750,residential_sale,2,117,1.0,0.0,0,1.0,32.0,1.0,80.0,80.0,,2.0,0.0,AS_NEW,compound
20317693,9051,APARTMENT,GROUND_FLOOR,235000,residential_sale,1,57,1.0,0.0,0,1.0,10.0,,,,,2.0,0.0,AS_NEW,compound
20317690,9051,APARTMENT,APARTMENT,360000,residential_sale,3,104,1.0,0.0,0,1.0,14.0,,,,,2.0,0.0,AS_NEW,compound
20319976,1000,APARTMENT,GROUND_FLOOR,357000,residential_sale,2,94,1.0,,0,1.0,6.0,,,,,4.0,,,compound
20319975,1000,APARTMENT,APARTMENT,374000,residential_sale,2,95,1.0,,0,1.0,6.0,,,,,4.0,,,compound
20317671,9940,APARTMENT,GROUND_FLOOR,360000,residential_sale,2,103,1.0,0.0,0,1.0,21.0,,,,,2.0,0.0,AS_NEW,compound
20317652,9940,APARTMENT,PENTHOUSE,445000,residential_sale,2,122,1.0,0.0,0,1.0,48.0,,,,,2.0,0.0,AS_NEW,compound
20320247,1000,APARTMENT,APARTMENT,354000,residential_sale,2,97,1.0,,0,1.0,5.0,,,,,3.0,,,compound
20320267,1000,APARTMENT,APARTMENT,359000,residential_sale,2,102,1.0,,0,1.0,9.0,,,,,3.0,,AS_NEW,compound
20320221,1000,APARTMENT,APARTMENT,364000,residential_sale,2,102,1.0,,0,1.0,9.0,,,,,3.0,,AS_NEW,compound
20320235,1000,APARTMENT,APARTMENT,364000,residential_sale,2,102,1.0,,0,1.0,9.0,,,,,3.0,,,compound
20320245,1000,APARTMENT,APARTMENT,366000,residential_sale,2,102,1.0,,0,1.0,9.0,,,,,3.0,,,compound
20320231,1000,APARTMENT,APARTMENT,374000,residential_sale,2,102,1.0,,0,1.0,9.0,,,,,3.0,,,compound
20320266,1000,APARTMENT,APARTMENT,379000,residential_sale,2,103,1.0,,0,1.0,8.0,,,,,3.0,,AS_NEW,compound
20320275,1000,APARTMENT,APARTMENT,379000,residential_sale,2,102,1.0,,0,1.0,9.0,,,,,3.0,,,compound
20317696,9051,APARTMENT,APARTMENT,390000,residential_sale,3,96,1.0,0.0,0,1.0,29.0,,,,,2.0,0.0,AS_NEW,compound
20320731,2140,APARTMENT,TRIPLEX,289900,residential_sale,3,174,1.0,,0,1.0,12.0,,,,,2.0,,GOOD,single
20315850,9051,APARTMENT,APARTMENT,255000,residential_sale,1,74,1.0,0.0,0,1.0,12.0,,,,,,,GOOD,compound
20315774,9051,APARTMENT,APARTMENT,320000,residential_sale,2,76,1.0,0.0,0,1.0,12.0,,,,,,,GOOD,compound
20315279,9051,APARTMENT,APARTMENT,355000,residential_sale,3,101,1.0,0.0,0,1.0,13.0,,,,,,,GOOD,compound
20315793,9051,APARTMENT,APARTMENT,390000,residential_sale,2,96,1.0,0.0,0,1.0,16.0,,,,,,,GOOD,compound
20318216,9500,APARTMENT,APARTMENT,205000,residential_sale,1,152,1.0,,0,,,,,,,,,GOOD,single
20324294,2650,APARTMENT,APARTMENT,348000,residential_sale,2,94,1.0,,0,1.0,27.0,1.0,60.0,60.0,,2.0,,JUST_RENOVATED,single
20314333,9000,APARTMENT,APARTMENT,260000,residential_sale,1,76,1.0,0.0,0,1.0,12.0,,,,,,,GOOD,compound
20314309,9000,APARTMENT,APARTMENT,325000,residential_sale,1,81,1.0,0.0,0,1.0,13.0,,,,,,,GOOD,compound
20314311,9000,APARTMENT,APARTMENT,365000,residential_sale,3,101,1.0,0.0,0,1.0,13.0,,,,,,,GOOD,compound
20314361,9000,APARTMENT,APARTMENT,400000,residential_sale,3,111,1.0,0.0,0,1.0,27.0,,,,,,,GOOD,compound
20314682,9600,HOUSE,HOUSE,380000,residential_sale,3,150,1.0,,0,1.0,,1.0,360.0,360.0,604.0,3.0,,GOOD,single
20316952,9860,HOUSE,HOUSE,199000,residential_sale,3,204,,,0,1.0,,,,,553.0,3.0,,TO_BE_DONE_UP,single
20310344,9700,APARTMENT,APARTMENT,300000,residential_sale,2,89,1.0,0.0,0,1.0,8.0,,,,,2.0,0.0,AS_NEW,compound
20317872,9500,HOUSE,HOUSE,299999,residential_sale,3,167,1.0,,0,1.0,,1.0,895.0,895.0,1050.0,2.0,,GOOD,single
20322401,9100,APARTMENT,APARTMENT,265000,residential_sale,3,108,1.0,0.0,0,1.0,,,,,,,,JUST_RENOVATED,single
20319713,9031,HOUSE,HOUSE,275000,residential_sale,4,117,,,0,,,1.0,407.0,407.0,407.0,4.0,,TO_RENOVATE,single
20321442,8870,APARTMENT,APARTMENT,285000,residential_sale,2,89,1.0,0.0,0,,,,,,,,,GOOD,single
20315281,8400,APARTMENT,APARTMENT,255000,residential_sale,1,90,,0.0,0,,,,,,,,,GOOD,single
20315686,9000,APARTMENT,APARTMENT,445000,residential_sale,2,105,1.0,,0,,,,,,,2.0,,JUST_RENOVATED,single
20319668,8420,APARTMENT,APARTMENT,209780,residential_sale,2,81,1.0,0.0,0,1.0,,,,,,,,TO_BE_DONE_UP,single
20319016,9000,APARTMENT,APARTMENT,435000,residential_sale,1,68,1.0,,0,,,,,,,,,GOOD,single
20316666,9600,HOUSE,HOUSE,280000,residential_sale,3,314,1.0,0.0,0,1.0,,,,,240.0,,,GOOD,single
20321515,8870,APARTMENT,APARTMENT,228000,residential_sale,2,85,1.0,0.0,0,1.0,,,,,,,,,compound
20321959,2490,APARTMENT,PENTHOUSE,245000,residential_sale,2,102,1.0,,0,1.0,14.0,,,,,2.0,,,compound
20321935,2490,APARTMENT,PENTHOUSE,298898,residential_sale,2,107,1.0,,0,1.0,14.0,,,,,2.0,,,compound
20321960,2490,APARTMENT,PENTHOUSE,402380,residential_sale,3,126,1.0,,0,1.0,25.0,,,,,3.0,,,compound
20321630,9052,APARTMENT,APARTMENT,390260,residential_sale,2,92,1.0,0.0,0,1.0,10.0,,,,,2.0,0.0,,compound
20321645,9052,APARTMENT,APARTMENT,419406,residential_sale,2,99,1.0,0.0,0,1.0,10.0,,,,,2.0,0.0,,compound
20321648,9052,APARTMENT,APARTMENT,463258,residential_sale,2,107,1.0,0.0,0,1.0,18.0,,,,,2.0,0.0,,compound
20321622,9000,APARTMENT,APARTMENT,575000,residential_sale,1,77,1.0,0.0,0,1.0,8.0,,,,,2.0,0.0,AS_NEW,compound
20318192,9400,APARTMENT,APARTMENT,299000,residential_sale,3,153,1.0,,0,1.0,6.0,,,,,2.0,,GOOD,single
20320688,1000,APARTMENT,FLAT_STUDIO,260000,residential_sale,0,40,,,0,1.0,3.0,,,,,3.0,,,compound
20320704,1000,APARTMENT,FLAT_STUDIO,265000,residential_sale,0,40,,,0,1.0,3.0,,,,,3.0,,AS_NEW,compound
20320690,1000,APARTMENT,FLAT_STUDIO,295000,residential_sale,0,50,,,0,1.0,4.0,,,,,3.0,,AS_NEW,compound
20320684,1000,APARTMENT,APARTMENT,341050,residential_sale,1,70,,,0,1.0,4.0,,,,,3.0,,AS_NEW,compound
20320691,1000,APARTMENT,APARTMENT,435000,residential_sale,2,84,,,0,1.0,4.0,,,,,3.0,,AS_NEW,compound
20318332,1070,APARTMENT,APARTMENT,322500,residential_sale,2,95,1.0,0.0,0,1.0,7.0,,,,,2.0,0.0,AS_NEW,compound
20318339,1070,APARTMENT,DUPLEX,406500,residential_sale,2,115,1.0,0.0,0,1.0,28.0,1.0,24.0,24.0,,2.0,0.0,AS_NEW,compound
20317565,9940,APARTMENT,APARTMENT,295000,residential_sale,1,75,1.0,0.0,0,1.0,17.0,,,,,2.0,0.0,AS_NEW,compound
20317569,9940,APARTMENT,APARTMENT,375000,residential_sale,2,113,1.0,0.0,0,1.0,9.0,,,,,2.0,0.0,AS_NEW,compound
20317712,9000,APARTMENT,APARTMENT,360000,residential_sale,3,104,1.0,0.0,0,1.0,14.0,,,,,2.0,0.0,AS_NEW,compound
20315980,2100,APARTMENT,APARTMENT,248000,residential_sale,3,91,1.0,,0,1.0,2.0,,,,,,,GOOD,single
20315324,2018,APARTMENT,APARTMENT,480000,residential_sale,2,116,1.0,,0,1.0,7.0,,,,,2.0,,JUST_RENOVATED,single
20315746,1190,APARTMENT,APARTMENT,329042,residential_sale,2,92,1.0,0.0,0,1.0,13.0,,,,,2.0,0.0,AS_NEW,compound
20315741,1190,APARTMENT,APARTMENT,333550,residential_sale,2,94,1.0,0.0,0,1.0,26.0,,,,,2.0,0.0,AS_NEW,compound
20318213,1760,APARTMENT,APARTMENT,399000,residential_sale,3,141,1.0,,0,1.0,65.0,,,,,,,JUST_RENOVATED,single
20321462,8660,APARTMENT,PENTHOUSE,1230000,residential_sale,2,132,1.0,,0,1.0,62.0,,,,,,,GOOD,single
20314448,7000,APARTMENT,APARTMENT,304000,residential_sale,2,107,1.0,,0,1.0,10.0,,,,,4.0,,,compound
20321967,9041,HOUSE,HOUSE,425000,residential_sale,4,194,1.0,,0,1.0,20.0,1.0,361.0,361.0,480.0,4.0,,TO_BE_DONE_UP,single
20319015,9100,APARTMENT,APARTMENT,425000,residential_sale,2,115,1.0,,0,1.0,,,,,,,,GOOD,single
20310307,9051,APARTMENT,APARTMENT,398000,residential_sale,2,94,1.0,0.0,0,1.0,3.0,,,,,2.0,0.0,AS_NEW,compound
20320828,2200,HOUSE,VILLA,649000,residential_sale,3,332,1.0,,1,1.0,,,,,1090.0,4.0,,GOOD,single
20323906,8420,APARTMENT,APARTMENT,299000,residential_sale,2,69,1.0,,0,1.0,,,,,,,,GOOD,single
20321043,7520,HOUSE,VILLA,473000,residential_sale,5,200,1.0,,0,1.0,,,,,712.0,4.0,,GOOD,single
20323812,8400,APARTMENT,APARTMENT,289000,residential_sale,2,100,,,0,1.0,,,,,,,,GOOD,single
20318953,9300,APARTMENT,APARTMENT,269000,residential_sale,2,91,1.0,,0,1.0,5.0,,,,,,,GOOD,single
20310814,4624,HOUSE,HOUSE,220000,residential_sale,3,138,1.0,0.0,0,1.0,35.0,1.0,150.0,150.0,137.0,2.0,0.0,TO_BE_DONE_UP,single
20324091,8500,HOUSE,HOUSE,234000,residential_sale,4,160,,,0,1.0,,,,,190.0,2.0,,TO_RENOVATE,single
20321197,7730,HOUSE,VILLA,566500,residential_sale,5,385,1.0,,0,1.0,,,,,2430.0,,,GOOD,single
20321670,2800,APARTMENT,APARTMENT,349000,residential_sale,2,87,1.0,,0,1.0,12.0,,,,,3.0,,AS_NEW,single
20322073,2430,APARTMENT,GROUND_FLOOR,292000,residential_sale,3,109,,,0,1.0,24.0,,,,,4.0,,,compound
20322285,2500,APARTMENT,APARTMENT,344000,residential_sale,2,99,1.0,,0,1.0,39.0,,,,,2.0,,,compound
20322281,2500,APARTMENT,APARTMENT,459000,residential_sale,2,126,1.0,,0,1.0,31.0,,,,,2.0,,,compound
20324520,9810,APARTMENT,APARTMENT,317500,residential_sale,2,78,1.0,0.0,0,1.0,5.0,,,,,,,GOOD,compound
20321521,8660,APARTMENT,APARTMENT,1250000,residential_sale,2,138,1.0,,0,1.0,62.0,,,,,,,GOOD,compound
20317704,9000,APARTMENT,APARTMENT,390000,residential_sale,3,96,1.0,0.0,0,1.0,29.0,,,,,2.0,0.0,AS_NEW,compound
20320202,1000,APARTMENT,APARTMENT,311000,residential_sale,1,75,1.0,,0,1.0,7.0,,,,,4.0,,AS_NEW,compound
20320215,1000,APARTMENT,GROUND_FLOOR,405000,residential_sale,2,98,1.0,,0,1.0,7.0,,,,,4.0,,AS_NEW,compound
20320656,1000,APARTMENT,APARTMENT,411000,residential_sale,2,104,1.0,,0,1.0,7.0,,,,,4.0,,,compound
20320655,1000,APARTMENT,APARTMENT,418000,residential_sale,2,98,1.0,,0,1.0,7.0,,,,,4.0,,,compound
20320661,1000,APARTMENT,APARTMENT,425000,residential_sale,2,104,1.0,,0,1.0,7.0,,,,,4.0,,,compound
20320652,1000,APARTMENT,PENTHOUSE,444000,residential_sale,2,104,1.0,,0,1.0,7.0,,,,,4.0,,,compound
20317973,1070,APARTMENT,PENTHOUSE,351500,residential_sale,1,83,1.0,0.0,0,1.0,26.0,1.0,26.0,26.0,,2.0,0.0,AS_NEW,compound
20317972,1070,APARTMENT,PENTHOUSE,426500,residential_sale,3,113,1.0,0.0,0,1.0,28.0,1.0,24.0,24.0,,2.0,0.0,AS_NEW,compound
20320669,1000,APARTMENT,GROUND_FLOOR,407000,residential_sale,2,104,1.0,,0,1.0,12.0,,,,,4.0,,,compound
20320676,1000,APARTMENT,GROUND_FLOOR,431000,residential_sale,2,106,1.0,,0,1.0,11.0,,,,,4.0,,,compound
20320674,1000,APARTMENT,APARTMENT,437000,residential_sale,2,107,1.0,,0,1.0,11.0,,,,,4.0,,,compound
20320165,1000,APARTMENT,GROUND_FLOOR,366000,residential_sale,2,93,1.0,,0,1.0,8.0,,,,,4.0,,AS_NEW,compound
20320157,1000,APARTMENT,APARTMENT,377000,residential_sale,2,93,1.0,,0,1.0,8.0,,,,,4.0,,,compound
20317017,1050,APARTMENT,APARTMENT,495000,residential_sale,3,136,1.0,,0,1.0,6.0,,,,,2.0,,AS_NEW,single
20315465,1357,APARTMENT,APARTMENT,209500,residential_sale,1,68,,,0,,,,,,,2.0,,,compound
20315445,1325,APARTMENT,APARTMENT,322570,residential_sale,1,72,1.0,0.0,0,1.0,34.0,,,,,,0.0,,compound
20319127,4400,HOUSE,HOUSE,190000,residential_sale,2,115,1.0,,1,1.0,25.0,1.0,2000.0,2000.0,2313.0,3.0,0.0,GOOD,single
20324797,2890,HOUSE,VILLA,649000,residential_sale,5,174,1.0,,0,1.0,75.0,,,,593.0,4.0,1.0,GOOD,single
20314445,7030,APARTMENT,APARTMENT,274000,residential_sale,2,96,1.0,,0,1.0,6.0,,,,,4.0,,,compound
20312274,8300,APARTMENT,APARTMENT,885000,residential_sale,2,99,,0.0,0,,,,,,,,,AS_NEW,compound
20312287,8300,APARTMENT,APARTMENT,925000,residential_sale,2,96,,0.0,0,,,,,,,,,AS_NEW,compound
20312344,8300,APARTMENT,APARTMENT,1095000,residential_sale,2,79,,0.0,0,,,,,,,,,AS_NEW,compound
20312301,8300,APARTMENT,APARTMENT,1975000,residential_sale,2,144,,0.0,0,,,,,,,,,AS_NEW,compound
20312248,8300,APARTMENT,APARTMENT,2975000,residential_sale,4,186,,0.0,0,,,,,,,,,AS_NEW,compound
20317296,2600,APARTMENT,FLAT_STUDIO,159000,residential_sale,0,41,1.0,,0,1.0,9.0,,,,,,,GOOD,single
20321370,8540,APARTMENT,APARTMENT,424000,residential_sale,3,119,1.0,0.0,0,1.0,21.0,,,,,,,GOOD,single
20316523,7812,HOUSE,MANSION,499000,residential_sale,5,321,1.0,,0,1.0,40.0,1.0,515.0,515.0,891.0,4.0,1.0,GOOD,single
20322438,3010,HOUSE,HOUSE,299000,residential_sale,3,204,1.0,0.0,0,1.0,,,,,193.0,,,TO_RENOVATE,single
20317245,8530,HOUSE,HOUSE,229000,residential_sale,3,121,1.0,,0,1.0,14.0,,,,197.0,2.0,,JUST_RENOVATED,single
20313339,1030,HOUSE,APARTMENT_BLOCK,375000,residential_sale,5,200,1.0,0.0,0,1.0,10.0,1.0,30.0,30.0,100.0,2.0,0.0,TO_BE_DONE_UP,single
20317813,2060,HOUSE,HOUSE,369000,residential_sale,5,228,1.0,,0,1.0,9.0,1.0,27.0,27.0,100.0,2.0,,GOOD,single
20306871,2100,APARTMENT,PENTHOUSE,400000,residential_sale,3,152,1.0,,0,1.0,110.0,,,,,2.0,,GOOD,single
20311104,1840,HOUSE,VILLA,595000,residential_sale,4,226,,,0,1.0,,1.0,1900.0,1900.0,2406.0,4.0,,AS_NEW,single
20309622,2800,APARTMENT,GROUND_FLOOR,375000,residential_sale,2,94,1.0,,0,1.0,7.0,,,,,2.0,,GOOD,single
20316344,9230,HOUSE,HOUSE,740000,residential_sale,4,252,1.0,,1,1.0,40.0,1.0,1292.0,1292.0,1481.0,4.0,,TO_BE_DONE_UP,single
20324372,2640,APARTMENT,APARTMENT,240000,residential_sale,1,54,1.0,,0,1.0,12.0,,,,,,,,compound
20324347,2640,APARTMENT,APARTMENT,339570,residential_sale,2,92,1.0,,0,1.0,13.0,,,,,,,,compound
20324341,2640,APARTMENT,APARTMENT,382500,residential_sale,3,117,1.0,,0,1.0,13.0,,,,,,,,compound
20324339,2640,APARTMENT,APARTMENT,402413,residential_sale,2,114,1.0,,0,1.0,13.0,,,,,,,,compound
20324369,2640,APARTMENT,APARTMENT,452025,residential_sale,3,117,1.0,,0,1.0,35.0,,,,,,,,compound
20321528,8830,APARTMENT,APARTMENT,289000,residential_sale,2,107,1.0,,0,,,1.0,22.0,22.0,,,,GOOD,compound
20324389,9230,APARTMENT,APARTMENT,335000,residential_sale,2,117,1.0,,0,1.0,10.0,,,,,2.0,,,compound
20324111,1000,APARTMENT,FLAT_STUDIO,413000,residential_sale,0,56,1.0,0.0,0,1.0,11.0,,,,,2.0,0.0,,compound
20324119,1000,APARTMENT,APARTMENT,765000,residential_sale,2,119,1.0,0.0,0,1.0,13.0,,,,,2.0,,AS_NEW,compound
20324126,1000,APARTMENT,APARTMENT,1445000,residential_sale,3,177,1.0,0.0,0,1.0,30.0,,,,,2.0,,AS_NEW,compound
20324137,1000,APARTMENT,PENTHOUSE,1650000,residential_sale,3,182,1.0,,0,1.0,45.0,,,,,,,,compound
20317707,9000,APARTMENT,GROUND_FLOOR,235000,residential_sale,1,57,1.0,0.0,0,1.0,10.0,,,,,2.0,0.0,AS_NEW,compound
20317714,9000,APARTMENT,APARTMENT,360000,residential_sale,3,104,1.0,0.0,0,1.0,14.0,,,,,2.0,0.0,AS_NEW,compound
20324832,8600,APARTMENT,APARTMENT,359500,residential_sale,2,111,1.0,0.0,0,1.0,,,,,,,,GOOD,compound
20324836,8600,APARTMENT,APARTMENT,435600,residential_sale,2,133,1.0,0.0,0,1.0,,,,,,,,GOOD,compound
20318345,1080,APARTMENT,PENTHOUSE,351500,residential_sale,1,83,1.0,0.0,0,1.0,26.0,1.0,26.0,26.0,,2.0,0.0,AS_NEW,compound
20318343,1080,APARTMENT,PENTHOUSE,426500,residential_sale,3,113,1.0,0.0,0,1.0,28.0,1.0,24.0,24.0,,2.0,0.0,AS_NEW,compound
20320080,1000,APARTMENT,APARTMENT,335000,residential_sale,2,92,1.0,,0,,,,,,,4.0,,,compound
20320078,1000,APARTMENT,APARTMENT,380000,residential_sale,2,96,1.0,,0,1.0,7.0,,,,,4.0,,,compound
20321488,8540,APARTMENT,APARTMENT,363000,residential_sale,3,140,1.0,0.0,0,,,,,,,,,GOOD,compound
20324878,8540,APARTMENT,APARTMENT,455000,residential_sale,2,113,1.0,0.0,0,1.0,28.0,,,,,,,GOOD,compound
20318958,1310,APARTMENT,GROUND_FLOOR,1838000,residential_sale,2,260,1.0,0.0,0,1.0,43.0,1.0,57.0,57.0,,,0.0,AS_NEW,compound
20318946,1310,APARTMENT,GROUND_FLOOR,1985000,residential_sale,3,322,1.0,0.0,0,1.0,56.0,,,,,,0.0,AS_NEW,compound
20324529,9500,HOUSE,HOUSE,257000,residential_sale,4,156,,0.0,0,1.0,,,,,1913.0,4.0,,TO_RENOVATE,single
20317284,9800,APARTMENT,APARTMENT,232000,residential_sale,1,71,1.0,0.0,0,1.0,18.0,,,,,,,GOOD,compound
20316224,9800,APARTMENT,APARTMENT,272000,residential_sale,2,91,1.0,0.0,0,1.0,22.0,,,,,,,GOOD,compound
20316199,9800,APARTMENT,APARTMENT,285000,residential_sale,2,91,1.0,0.0,0,1.0,4.0,,,,,,,GOOD,compound
20316235,9800,APARTMENT,APARTMENT,302000,residential_sale,2,97,1.0,0.0,0,1.0,18.0,,,,,,,GOOD,compound
20316207,9800,APARTMENT,APARTMENT,465000,residential_sale,3,171,1.0,,0,1.0,11.0,,,,,,,GOOD,compound
20315770,1730,APARTMENT,GROUND_FLOOR,348500,residential_sale,2,97,,,0,1.0,14.0,1.0,76.0,76.0,,2.0,,AS_NEW,compound
20318225,9500,APARTMENT,APARTMENT,195000,residential_sale,2,130,1.0,,0,,,,,,,2.0,,GOOD,single
20318937,8450,APARTMENT,APARTMENT,279000,residential_sale,2,79,,,0,1.0,22.0,,,,,,,GOOD,single
20313090,1070,APARTMENT,KOT,132350,residential_sale,0,17,,,0,,,,,,,2.0,,AS_NEW,compound
20313130,1070,APARTMENT,KOT,132350,residential_sale,0,17,,,0,,,,,,,2.0,,AS_NEW,compound
20313078,1070,APARTMENT,KOT,132350,residential_sale,0,17,,,0,,,,,,,2.0,,AS_NEW,compound
20313214,1070,APARTMENT,KOT,132350,residential_sale,0,17,,,0,,,,,,,2.0,,AS_NEW,compound
20313184,1070,APARTMENT,KOT,132350,residential_sale,0,17,,,0,,,,,,,2.0,,AS_NEW,compound
20313120,1070,APARTMENT,KOT,132350,residential_sale,0,17,,,0,,,,,,,2.0,,AS_NEW,compound
20313110,1070,APARTMENT,KOT,132350,residential_sale,0,17,,,0,,,,,,,2.0,,AS_NEW,compound
20313189,1070,APARTMENT,KOT,132350,residential_sale,0,17,,,0,,,,,,,2.0,,AS_NEW,compound
20313145,1070,APARTMENT,KOT,132350,residential_sale,0,17,,,0,,,,,,,2.0,,AS_NEW,compound
20313157,1070,APARTMENT,KOT,132350,residential_sale,0,17,,,0,,,,,,,2.0,,AS_NEW,compound
20313209,1070,APARTMENT,KOT,132350,residential_sale,0,17,,,0,,,,,,,2.0,,AS_NEW,compound
20313064,1070,APARTMENT,KOT,132350,residential_sale,0,17,,,0,,,,,,,2.0,,AS_NEW,compound
20313060,1070,APARTMENT,KOT,132350,residential_sale,0,17,,,0,,,,,,,2.0,,AS_NEW,compound
20313251,1070,APARTMENT,KOT,132350,residential_sale,0,17,,,0,,,,,,,2.0,,AS_NEW,compound
20313213,1070,APARTMENT,KOT,132350,residential_sale,0,17,,,0,,,,,,,2.0,,AS_NEW,compound
20313170,1070,APARTMENT,KOT,132350,residential_sale,0,17,,,0,,,,,,,2.0,,AS_NEW,compound
20313171,1070,APARTMENT,KOT,132350,residential_sale,0,17,,,0,,,,,,,2.0,,AS_NEW,compound
20313223,1070,APARTMENT,KOT,132350,residential_sale,0,17,,,0,,,,,,,2.0,,AS_NEW,compound
20313247,1070,APARTMENT,KOT,132350,residential_sale,0,17,,,0,,,,,,,2.0,,AS_NEW,compound
20313123,1070,APARTMENT,KOT,132350,residential_sale,0,17,,,0,,,,,,,2.0,,AS_NEW,compound
20313104,1070,APARTMENT,KOT,132350,residential_sale,0,17,,,0,,,,,,,2.0,,AS_NEW,compound
20313066,1070,APARTMENT,KOT,132350,residential_sale,0,17,,,0,,,,,,,2.0,,AS_NEW,compound
20313094,1070,APARTMENT,KOT,132350,residential_sale,0,17,,,0,,,,,,,2.0,,AS_NEW,compound
20313049,1070,APARTMENT,KOT,132350,residential_sale,0,17,,,0,,,,,,,2.0,,AS_NEW,compound
20313151,1070,APARTMENT,KOT,132350,residential_sale,0,17,,,0,,,,,,,2.0,,AS_NEW,compound
20313126,1070,APARTMENT,KOT,132350,residential_sale,0,17,,,0,,,,,,,2.0,,AS_NEW,compound
20313065,1070,APARTMENT,KOT,132350,residential_sale,0,17,,,0,,,,,,,2.0,,AS_NEW,compound
20313098,1070,APARTMENT,KOT,132350,residential_sale,0,17,,,0,,,,,,,2.0,,AS_NEW,compound
20313210,1070,APARTMENT,KOT,132350,residential_sale,0,17,,,0,,,,,,,2.0,,AS_NEW,compound
20313185,1070,APARTMENT,KOT,132350,residential_sale,0,17,,,0,,,,,,,2.0,,AS_NEW,compound
20313174,1070,APARTMENT,KOT,132350,residential_sale,0,17,,,0,,,,,,,2.0,,AS_NEW,compound
20313169,1070,APARTMENT,KOT,132350,residential_sale,0,17,,,0,,,,,,,2.0,,AS_NEW,compound
20313173,1070,APARTMENT,KOT,132350,residential_sale,0,17,,,0,,,,,,,2.0,,AS_NEW,compound
20313101,1070,APARTMENT,KOT,132350,residential_sale,0,17,,,0,,,,,,,2.0,,AS_NEW,compound
20313114,1070,APARTMENT,FLAT_STUDIO,199900,residential_sale,0,34,1.0,,0,1.0,6.0,,,,,2.0,,AS_NEW,compound
20313242,1070,APARTMENT,FLAT_STUDIO,199900,residential_sale,0,34,1.0,,0,1.0,6.0,,,,,2.0,,AS_NEW,compound
20313087,1070,APARTMENT,FLAT_STUDIO,213600,residential_sale,0,34,,,0,,,,,,,2.0,,AS_NEW,compound
20313178,1070,APARTMENT,FLAT_STUDIO,241050,residential_sale,0,40,1.0,,0,1.0,5.0,,,,,2.0,,AS_NEW,compound
20313102,1070,APARTMENT,FLAT_STUDIO,241050,residential_sale,0,40,1.0,,0,1.0,5.0,,,,,2.0,,AS_NEW,compound
20313116,1070,APARTMENT,FLAT_STUDIO,258650,residential_sale,0,44,1.0,,0,1.0,6.0,,,,,2.0,,AS_NEW,compound
20313215,1070,APARTMENT,FLAT_STUDIO,258650,residential_sale,0,44,1.0,,0,1.0,6.0,,,,,2.0,,AS_NEW,compound
20313112,1070,APARTMENT,FLAT_STUDIO,258650,residential_sale,0,44,1.0,,0,1.0,6.0,,,,,2.0,,AS_NEW,compound
20313142,1070,APARTMENT,FLAT_STUDIO,258650,residential_sale,0,44,1.0,,0,1.0,6.0,,,,,2.0,,AS_NEW,compound
20313139,1070,APARTMENT,FLAT_STUDIO,258650,residential_sale,0,44,1.0,,0,1.0,6.0,,,,,2.0,,AS_NEW,compound
20313079,1070,APARTMENT,FLAT_STUDIO,258650,residential_sale,0,44,1.0,,0,1.0,6.0,,,,,2.0,,AS_NEW,compound
20313089,1070,APARTMENT,FLAT_STUDIO,258650,residential_sale,0,44,1.0,,0,1.0,6.0,,,,,2.0,,AS_NEW,compound
20313141,1070,APARTMENT,FLAT_STUDIO,258650,residential_sale,0,44,1.0,,0,1.0,6.0,,,,,2.0,,AS_NEW,compound
20313140,1070,APARTMENT,FLAT_STUDIO,258650,residential_sale,0,44,1.0,,0,1.0,6.0,,,,,2.0,,AS_NEW,compound
20313176,1070,APARTMENT,FLAT_STUDIO,258650,residential_sale,0,44,1.0,,0,1.0,6.0,,,,,2.0,,AS_NEW,compound
20313196,1070,APARTMENT,FLAT_STUDIO,258650,residential_sale,0,44,1.0,,0,1.0,6.0,,,,,2.0,,AS_NEW,compound
20313160,1070,APARTMENT,FLAT_STUDIO,258650,residential_sale,0,44,1.0,,0,1.0,6.0,,,,,2.0,,AS_NEW,compound
20313198,1070,APARTMENT,FLAT_STUDIO,258650,residential_sale,0,44,1.0,,0,1.0,6.0,,,,,2.0,,AS_NEW,compound
20313103,1070,APARTMENT,FLAT_STUDIO,305700,residential_sale,0,51,1.0,,0,1.0,5.0,,,,,2.0,,AS_NEW,compound
20310616,2850,APARTMENT,APARTMENT,249900,residential_sale,2,125,1.0,,0,1.0,13.0,,,,,2.0,,AS_NEW,single
20317242,9600,APARTMENT,APARTMENT,235000,residential_sale,2,103,1.0,,0,1.0,20.0,1.0,104.0,104.0,,3.0,,GOOD,single
20321369,8540,APARTMENT,APARTMENT,455000,residential_sale,2,113,1.0,0.0,0,1.0,28.0,,,,,,,GOOD,single
20317278,9600,HOUSE,MANSION,695000,residential_sale,5,428,1.0,,0,1.0,,,,,1919.0,4.0,,AS_NEW,single
20322481,9050,HOUSE,HOUSE,365000,residential_sale,2,145,1.0,,0,1.0,,,,,123.0,,,TO_BE_DONE_UP,single
20315018,9860,HOUSE,HOUSE,455000,residential_sale,3,147,1.0,0.0,0,1.0,16.0,1.0,77.0,77.0,217.0,3.0,0.0,JUST_RENOVATED,single
20313336,1030,HOUSE,HOUSE,375000,residential_sale,5,200,1.0,0.0,0,1.0,10.0,1.0,30.0,30.0,100.0,2.0,0.0,TO_BE_DONE_UP,single
20317863,1755,HOUSE,MIXED_USE_BUILDING,560000,residential_sale,4,350,1.0,,0,1.0,40.0,1.0,32.0,32.0,3270.0,3.0,,GOOD,single
20308496,1080,APARTMENT,APARTMENT,165000,residential_sale,1,55,,,0,1.0,11.0,,,,,2.0,,GOOD,single
20323696,5070,HOUSE,VILLA,630000,residential_sale,5,350,1.0,,1,,,,,,2800.0,4.0,,JUST_RENOVATED,single
20310291,9890,HOUSE,HOUSE,459000,residential_sale,3,430,1.0,0.0,0,1.0,50.0,1.0,179.0,179.0,309.0,2.0,0.0,TO_BE_DONE_UP,single
20324412,2100,APARTMENT,APARTMENT,239500,residential_sale,1,67,,,0,1.0,4.0,,,,,2.0,,,compound
20323984,1420,APARTMENT,APARTMENT,342000,residential_sale,2,99,1.0,0.0,0,1.0,8.0,,,,,3.0,0.0,AS_NEW,compound
20324073,1050,APARTMENT,FLAT_STUDIO,413000,residential_sale,0,56,1.0,0.0,0,1.0,11.0,,,,,2.0,0.0,,compound
20324188,1410,APARTMENT,PENTHOUSE,594200,residential_sale,3,130,1.0,0.0,0,1.0,64.0,,,,,4.0,0.0,AS_NEW,compound
20317697,9051,APARTMENT,GROUND_FLOOR,260000,residential_sale,1,76,1.0,0.0,0,1.0,12.0,,,,,2.0,0.0,AS_NEW,compound
20317691,9051,APARTMENT,APARTMENT,390000,residential_sale,3,96,1.0,0.0,0,1.0,29.0,,,,,2.0,0.0,AS_NEW,compound
20320142,1000,APARTMENT,APARTMENT,360000,residential_sale,2,95,1.0,,0,1.0,6.0,,,,,4.0,,AS_NEW,compound
20317666,9940,APARTMENT,APARTMENT,295000,residential_sale,1,75,1.0,0.0,0,1.0,17.0,,,,,2.0,0.0,AS_NEW,compound
20317677,9940,APARTMENT,GROUND_FLOOR,360000,residential_sale,2,103,1.0,0.0,0,1.0,36.0,,,,,2.0,0.0,AS_NEW,compound
20320257,1000,APARTMENT,APARTMENT,350000,residential_sale,2,97,1.0,,0,1.0,5.0,,,,,3.0,,,compound
20320220,1000,APARTMENT,GROUND_FLOOR,356000,residential_sale,2,104,1.0,,0,1.0,9.0,,,,,3.0,,AS_NEW,compound
20320246,1000,APARTMENT,APARTMENT,359000,residential_sale,2,102,1.0,,0,1.0,9.0,,,,,3.0,,,compound
20320242,1000,APARTMENT,APARTMENT,364000,residential_sale,2,102,1.0,,0,1.0,9.0,,,,,3.0,,,compound
20320230,1000,APARTMENT,APARTMENT,365000,residential_sale,2,97,1.0,,0,1.0,5.0,,,,,3.0,,,compound
20320228,1000,APARTMENT,APARTMENT,366000,residential_sale,2,102,1.0,,0,1.0,9.0,,,,,3.0,,AS_NEW,compound
20320237,1000,APARTMENT,APARTMENT,374000,residential_sale,2,102,1.0,,0,1.0,9.0,,,,,3.0,,,compound
20320280,1000,APARTMENT,APARTMENT,379000,residential_sale,2,102,1.0,,0,1.0,9.0,,,,,3.0,,,compound
20320272,1000,APARTMENT,APARTMENT,379000,residential_sale,2,102,1.0,,0,1.0,9.0,,,,,3.0,,,compound
20316946,2600,APARTMENT,APARTMENT,149000,residential_sale,1,48,1.0,,0,1.0,9.0,,,,,,,GOOD,single
20315652,1180,APARTMENT,APARTMENT,470000,residential_sale,3,179,1.0,0.0,0,1.0,10.0,,,,,2.0,0.0,GOOD,single
20315842,9051,APARTMENT,APARTMENT,260000,residential_sale,1,76,1.0,0.0,0,1.0,12.0,,,,,,,GOOD,compound
20315799,9051,APARTMENT,APARTMENT,325000,residential_sale,1,81,1.0,0.0,0,1.0,13.0,,,,,,,GOOD,compound
20315776,9051,APARTMENT,APARTMENT,365000,residential_sale,3,101,1.0,0.0,0,1.0,13.0,,,,,,,GOOD,compound
20315874,9051,APARTMENT,APARTMENT,400000,residential_sale,3,111,1.0,0.0,0,1.0,27.0,,,,,,,GOOD,compound
20323831,3061,HOUSE,HOUSE,419000,residential_sale,2,200,1.0,,0,1.0,15.0,1.0,100.0,100.0,253.0,,,TO_BE_DONE_UP,single
20314378,9000,APARTMENT,APARTMENT,235000,residential_sale,1,57,1.0,0.0,0,1.0,10.0,,,,,,,GOOD,compound
20314331,9000,APARTMENT,APARTMENT,265000,residential_sale,1,59,1.0,0.0,0,1.0,10.0,,,,,,,GOOD,compound
20314372,9000,APARTMENT,APARTMENT,340000,residential_sale,3,96,1.0,0.0,0,1.0,26.0,,,,,,,GOOD,compound
20314267,9000,APARTMENT,APARTMENT,370000,residential_sale,2,100,1.0,0.0,0,1.0,10.0,,,,,,,GOOD,compound
20316323,2100,HOUSE,HOUSE,309900,residential_sale,3,120,1.0,,1,1.0,9.0,1.0,110.0,110.0,185.0,2.0,,TO_RENOVATE,single
20315429,2660,APARTMENT,APARTMENT,265000,residential_sale,2,90,1.0,,0,1.0,14.0,,,,,2.0,,AS_NEW,single
20321843,4650,HOUSE,APARTMENT_BLOCK,149000,residential_sale,3,248,1.0,0.0,0,,,,,,101.0,2.0,0.0,TO_RENOVATE,single
20310285,9700,APARTMENT,APARTMENT,313258,residential_sale,2,89,1.0,0.0,0,1.0,8.0,,,,,2.0,0.0,AS_NEW,compound
20316175,4400,HOUSE,HOUSE,265000,residential_sale,3,135,1.0,1.0,0,1.0,10.0,1.0,50.0,50.0,145.0,2.0,0.0,AS_NEW,single
20323866,9820,APARTMENT,APARTMENT,389000,residential_sale,2,100,1.0,1.0,0,1.0,,,,,,,,GOOD,single
20309124,2600,APARTMENT,APARTMENT,389000,residential_sale,2,125,1.0,,0,1.0,19.0,,,,,,,GOOD,single
20319054,9000,APARTMENT,APARTMENT,525000,residential_sale,2,84,1.0,0.0,0,1.0,11.0,,,,,,,JUST_RENOVATED,single
20319630,9190,APARTMENT,APARTMENT,360000,residential_sale,2,94,1.0,1.0,0,1.0,,,,,,,,GOOD,single
20314949,1082,APARTMENT,APARTMENT,275000,residential_sale,2,110,,0.0,1,1.0,26.0,,,,,,0.0,AS_NEW,single
20321676,2950,APARTMENT,APARTMENT,368000,residential_sale,1,133,1.0,,0,1.0,28.0,,,,,2.0,,GOOD,single
20320989,9000,APARTMENT,APARTMENT,745000,residential_sale,2,138,1.0,,0,,,,,,,,,GOOD,single
20324606,1082,APARTMENT,APARTMENT,235000,residential_sale,2,72,,,0,1.0,8.0,,,,,2.0,,GOOD,single
20321517,8870,APARTMENT,APARTMENT,228000,residential_sale,2,84,1.0,0.0,0,1.0,,,,,,,,,compound
20321957,2490,APARTMENT,GROUND_FLOOR,245000,residential_sale,2,95,1.0,,0,1.0,8.0,1.0,53.0,53.0,,2.0,,,compound
20321955,2490,APARTMENT,APARTMENT,388248,residential_sale,3,126,1.0,,0,1.0,25.0,,,,,3.0,,,compound
20321958,2490,APARTMENT,PENTHOUSE,550050,residential_sale,3,159,1.0,,0,1.0,35.0,,,,,3.0,,,compound
20321634,9052,APARTMENT,APARTMENT,393300,residential_sale,2,91,1.0,0.0,0,1.0,11.0,,,,,2.0,0.0,,compound
20321641,9052,APARTMENT,APARTMENT,429172,residential_sale,2,100,1.0,0.0,0,1.0,12.0,,,,,3.0,0.0,,compound
20321633,9052,APARTMENT,APARTMENT,530328,residential_sale,3,126,1.0,0.0,0,1.0,12.0,,,,,2.0,0.0,,compound
20321627,9000,APARTMENT,APARTMENT,580000,residential_sale,1,77,1.0,0.0,0,1.0,8.0,,,,,2.0,0.0,AS_NEW,compound
20317721,9000,APARTMENT,GROUND_FLOOR,235000,residential_sale,1,57,1.0,0.0,0,1.0,10.0,,,,,2.0,0.0,AS_NEW,compound
20320695,1000,APARTMENT,FLAT_STUDIO,262000,residential_sale,0,40,,,0,1.0,3.0,,,,,3.0,,AS_NEW,compound
20320693,1000,APARTMENT,FLAT_STUDIO,265000,residential_sale,0,40,,,0,1.0,3.0,,,,,3.0,,AS_NEW,compound
20320697,1000,APARTMENT,APARTMENT,327750,residential_sale,1,63,,,0,1.0,4.0,,,,,3.0,,AS_NEW,compound
20320682,1000,APARTMENT,APARTMENT,341050,residential_sale,1,70,,,0,1.0,4.0,,,,,3.0,,AS_NEW,compound
20320689,1000,APARTMENT,APARTMENT,445000,residential_sale,2,87,,,0,1.0,8.0,,,,,3.0,,AS_NEW,compound
20318331,1070,APARTMENT,APARTMENT,346500,residential_sale,3,101,1.0,0.0,0,1.0,7.0,,,,,2.0,0.0,AS_NEW,compound
20318333,1070,APARTMENT,PENTHOUSE,406500,residential_sale,3,101,1.0,0.0,0,1.0,26.0,1.0,19.0,19.0,,2.0,0.0,AS_NEW,compound
20317574,9940,APARTMENT,APARTMENT,300000,residential_sale,1,75,1.0,0.0,0,1.0,17.0,,,,,2.0,0.0,AS_NEW,compound
20317560,9940,APARTMENT,GROUND_FLOOR,410000,residential_sale,3,146,1.0,0.0,0,1.0,29.0,,,,,2.0,0.0,AS_NEW,compound
20317656,9000,APARTMENT,APARTMENT,419000,residential_sale,3,140,1.0,,0,1.0,14.0,,,,,2.0,0.0,AS_NEW,compound
20324065,2845,HOUSE,HOUSE,469000,residential_sale,4,195,1.0,,0,1.0,32.0,1.0,66.0,66.0,172.0,2.0,,JUST_RENOVATED,single
20315748,1190,APARTMENT,APARTMENT,286033,residential_sale,1,77,1.0,0.0,0,1.0,19.0,,,,,2.0,0.0,AS_NEW,compound
20315747,1190,APARTMENT,APARTMENT,329063,residential_sale,2,93,1.0,0.0,0,1.0,13.0,,,,,2.0,0.0,AS_NEW,compound
20313791,1050,APARTMENT,APARTMENT,695000,residential_sale,2,150,1.0,0.0,0,1.0,,,,,,2.0,0.0,JUST_RENOVATED,single
20321672,2860,HOUSE,HOUSE,639000,residential_sale,4,195,1.0,,0,1.0,15.0,1.0,75.0,75.0,342.0,2.0,,JUST_RENOVATED,single
20314433,7000,APARTMENT,APARTMENT,274000,residential_sale,2,96,1.0,,0,1.0,6.0,,,,,4.0,,,compound
20314455,7000,APARTMENT,APARTMENT,308000,residential_sale,2,107,1.0,,0,1.0,8.0,,,,,4.0,,,compound
20320724,1140,APARTMENT,DUPLEX,395000,residential_sale,3,105,1.0,0.0,0,1.0,10.0,1.0,25.0,25.0,,2.0,0.0,AS_NEW,single
20315649,2660,HOUSE,HOUSE,359000,residential_sale,3,148,1.0,,0,1.0,22.0,1.0,39.0,39.0,136.0,3.0,,AS_NEW,single
20310295,9051,APARTMENT,APARTMENT,398000,residential_sale,2,95,1.0,0.0,0,1.0,3.0,,,,,2.0,0.0,AS_NEW,compound
20316348,1410,HOUSE,HOUSE,345000,residential_sale,3,137,1.0,0.0,0,1.0,,1.0,488.0,488.0,488.0,3.0,0.0,TO_RENOVATE,single
20321829,8300,APARTMENT,APARTMENT,1370000,residential_sale,3,110,1.0,1.0,0,1.0,,,,,,3.0,,JUST_RENOVATED,single
20310264,9700,HOUSE,HOUSE,299000,residential_sale,3,169,,0.0,0,1.0,,,,,811.0,4.0,,TO_RENOVATE,single
20321832,8501,HOUSE,HOUSE,329000,residential_sale,3,117,1.0,0.0,0,1.0,,,,,406.0,,,GOOD,single
20318967,8300,APARTMENT,APARTMENT,699000,residential_sale,2,102,1.0,1.0,0,1.0,7.0,,,,,,,GOOD,single
20313639,1050,APARTMENT,APARTMENT,295000,residential_sale,2,83,1.0,0.0,0,1.0,3.0,,,,,2.0,0.0,TO_RENOVATE,single
20321583,6800,HOUSE,HOUSE,419000,residential_sale,3,190,1.0,0.0,0,1.0,15.0,1.0,300.0,300.0,1050.0,3.0,0.0,GOOD,single
20310553,1400,HOUSE,HOUSE,260000,residential_sale,2,140,1.0,,0,1.0,30.0,1.0,70.0,70.0,135.0,2.0,,GOOD,single
20322074,2430,APARTMENT,APARTMENT,227000,residential_sale,2,85,,,0,1.0,9.0,,,,,4.0,,,compound
20322302,2500,APARTMENT,PENTHOUSE,259000,residential_sale,1,74,1.0,,0,1.0,18.0,,,,,2.0,,,compound
20322299,2500,APARTMENT,GROUND_FLOOR,379000,residential_sale,3,111,1.0,,0,1.0,37.0,1.0,70.0,70.0,,2.0,,,compound
20324489,9810,APARTMENT,APARTMENT,307500,residential_sale,2,78,1.0,0.0,0,1.0,5.0,,,,,,,GOOD,compound
20323974,9810,APARTMENT,APARTMENT,345000,residential_sale,2,86,1.0,0.0,0,1.0,13.0,1.0,81.0,81.0,,,,GOOD,compound
20323438,2610,HOUSE,HOUSE,289000,residential_sale,4,186,,,0,,,1.0,90.0,90.0,172.0,2.0,,TO_RENOVATE,single
20320192,1000,APARTMENT,GROUND_FLOOR,280000,residential_sale,1,70,1.0,,0,1.0,7.0,,,,,4.0,,AS_NEW,compound
20320184,1000,APARTMENT,GROUND_FLOOR,367000,residential_sale,2,98,1.0,,0,1.0,7.0,,,,,4.0,,AS_NEW,compound
20320644,1000,APARTMENT,GROUND_FLOOR,405000,residential_sale,2,98,1.0,,0,1.0,7.0,,,,,4.0,,,compound
20320098,1000,APARTMENT,APARTMENT,415000,residential_sale,2,98,1.0,,0,1.0,7.0,,,,,4.0,,,compound
20320657,1000,APARTMENT,APARTMENT,420000,residential_sale,2,104,1.0,,0,1.0,7.0,,,,,4.0,,,compound
20320651,1000,APARTMENT,APARTMENT,428000,residential_sale,2,104,1.0,,0,1.0,7.0,,,,,4.0,,,compound
20317971,1070,APARTMENT,APARTMENT,291500,residential_sale,1,84,1.0,0.0,0,1.0,7.0,,,,,2.0,0.0,AS_NEW,compound
20317968,1070,APARTMENT,PENTHOUSE,385500,residential_sale,2,95,1.0,0.0,0,1.0,26.0,1.0,20.0,20.0,,2.0,0.0,AS_NEW,compound
20320675,1000,APARTMENT,APARTMENT,312000,residential_sale,1,72,1.0,,0,1.0,5.0,,,,,4.0,,AS_NEW,compound
20320673,1000,APARTMENT,APARTMENT,412000,residential_sale,2,106,1.0,,0,1.0,10.0,,,,,4.0,,,compound
20320679,1000,APARTMENT,GROUND_FLOOR,431000,residential_sale,2,106,1.0,,0,1.0,12.0,,,,,4.0,,,compound
20317699,9051,APARTMENT,APARTMENT,340000,residential_sale,2,85,1.0,0.0,0,1.0,12.0,,,,,2.0,0.0,AS_NEW,compound
20320164,1000,APARTMENT,GROUND_FLOOR,370000,residential_sale,2,94,1.0,,0,1.0,8.0,,,,,4.0,,,compound
20320160,1000,APARTMENT,APARTMENT,379000,residential_sale,2,93,1.0,,0,1.0,8.0,,,,,4.0,,AS_NEW,compound
20322350,8554,HOUSE,COUNTRY_COTTAGE,498000,residential_sale,2,170,1.0,,0,1.0,,,,,852.0,3.0,,GOOD,single
20315459,1357,APARTMENT,APARTMENT,234500,residential_sale,2,82,,,0,,,,,,,3.0,,,compound
20315444,1325,APARTMENT,APARTMENT,343960,residential_sale,2,83,1.0,0.0,0,1.0,6.0,,,,,,0.0,,compound
20321470,9000,APARTMENT,APARTMENT,289000,residential_sale,2,111,1.0,,1,1.0,20.0,,,,,,,GOOD,single
20318290,3191,HOUSE,HOUSE,363000,residential_sale,3,190,,,0,1.0,27.0,1.0,682.0,682.0,942.0,3.0,,TO_RENOVATE,single
20314444,7030,APARTMENT,APARTMENT,276000,residential_sale,2,95,1.0,,0,1.0,5.0,,,,,4.0,,,compound
20312298,8300,APARTMENT,APARTMENT,895000,residential_sale,2,99,,0.0,0,,,,,,,,,AS_NEW,compound
20312327,8300,APARTMENT,APARTMENT,925000,residential_sale,2,99,,0.0,0,,,,,,,,,AS_NEW,compound
20312286,8300,APARTMENT,APARTMENT,1095000,residential_sale,2,79,,0.0,0,,,,,,,,,AS_NEW,compound
20312259,8300,APARTMENT,DUPLEX,2325000,residential_sale,3,163,,0.0,0,,,,,,,,,AS_NEW,compound
20320379,1601,APARTMENT,APARTMENT,195000,residential_sale,2,74,1.0,0.0,0,1.0,,,,,,,,GOOD,single
20319848,4032,HOUSE,HOUSE,199000,residential_sale,3,100,1.0,0.0,0,1.0,50.0,1.0,40.0,40.0,205.0,2.0,0.0,GOOD,single
20324305,4040,HOUSE,HOUSE,239000,residential_sale,3,103,1.0,0.0,0,1.0,131.0,1.0,131.0,131.0,321.0,3.0,0.0,AS_NEW,single
20324542,8380,APARTMENT,FLAT_STUDIO,189000,residential_sale,0,33,1.0,,0,1.0,,,,,,1.0,,GOOD,single
20324411,1180,HOUSE,HOUSE,965000,residential_sale,0,245,1.0,,1,1.0,20.0,1.0,150.0,150.0,293.0,3.0,0.0,AS_NEW,single
20324241,1040,APARTMENT,APARTMENT,189000,residential_sale,1,52,1.0,0.0,0,,,,,,,2.0,0.0,TO_RENOVATE,single
20317848,2660,APARTMENT,APARTMENT,219900,residential_sale,1,67,1.0,,0,1.0,6.0,,,,,2.0,,JUST_RENOVATED,single
20317353,1600,APARTMENT,APARTMENT,215000,residential_sale,1,62,1.0,0.0,0,,,,,,,,,JUST_RENOVATED,single
20321465,8830,APARTMENT,APARTMENT,279000,residential_sale,2,107,1.0,,0,1.0,7.0,,,,,,,GOOD,single
20319003,9000,APARTMENT,APARTMENT,585000,residential_sale,2,110,1.0,,0,,,,,,,,,GOOD,single
20317090,1370,HOUSE,HOUSE,349000,residential_sale,3,150,1.0,,0,1.0,60.0,1.0,2575.0,2575.0,2575.0,3.0,,TO_RENOVATE,single
20324367,2640,APARTMENT,APARTMENT,235000,residential_sale,1,54,1.0,,0,1.0,12.0,,,,,,,,compound
20324358,2640,APARTMENT,APARTMENT,240000,residential_sale,1,54,1.0,,0,1.0,12.0,,,,,,,,compound
20324364,2640,APARTMENT,APARTMENT,347288,residential_sale,2,92,1.0,,0,1.0,12.0,,,,,,,,compound
20324346,2640,APARTMENT,APARTMENT,385875,residential_sale,2,95,1.0,,0,1.0,13.0,,,,,,,,compound
20324338,2640,APARTMENT,APARTMENT,407925,residential_sale,2,114,1.0,,0,1.0,13.0,,,,,,,,compound
20324366,2640,APARTMENT,APARTMENT,560175,residential_sale,3,127,1.0,,0,1.0,17.0,,,,,,,,compound
20324382,9230,APARTMENT,APARTMENT,320000,residential_sale,2,106,1.0,,0,1.0,22.0,,,,,2.0,,,compound
20324381,9230,APARTMENT,APARTMENT,465000,residential_sale,3,185,1.0,,0,1.0,22.0,,,,,2.0,,,compound
20324120,1000,APARTMENT,FLAT_STUDIO,418000,residential_sale,0,56,1.0,0.0,0,1.0,11.0,,,,,2.0,0.0,,compound
20324118,1000,APARTMENT,APARTMENT,816000,residential_sale,2,134,1.0,0.0,0,1.0,9.0,,,,,2.0,,AS_NEW,compound
20324122,1000,APARTMENT,APARTMENT,1445000,residential_sale,3,177,1.0,0.0,0,1.0,30.0,,,,,2.0,,AS_NEW,compound
20324138,1000,APARTMENT,PENTHOUSE,4000000,residential_sale,4,444,1.0,0.0,0,1.0,253.0,,,,,2.0,,AS_NEW,compound
20317710,9000,APARTMENT,GROUND_FLOOR,260000,residential_sale,1,76,1.0,0.0,0,1.0,12.0,,,,,2.0,0.0,AS_NEW,compound
20317706,9000,APARTMENT,APARTMENT,390000,residential_sale,3,96,1.0,0.0,0,1.0,29.0,,,,,2.0,0.0,AS_NEW,compound
20324822,8600,APARTMENT,APARTMENT,359850,residential_sale,2,111,1.0,0.0,0,1.0,,,,,,,,GOOD,compound
20318344,1080,APARTMENT,APARTMENT,291500,residential_sale,1,84,1.0,0.0,0,1.0,7.0,,,,,2.0,0.0,AS_NEW,compound
20318349,1080,APARTMENT,PENTHOUSE,385500,residential_sale,2,95,1.0,0.0,0,1.0,26.0,1.0,20.0,20.0,,2.0,0.0,AS_NEW,compound
20320057,1000,APARTMENT,APARTMENT,325000,residential_sale,2,92,1.0,,0,,,,,,,4.0,,AS_NEW,compound
20320067,1000,APARTMENT,GROUND_FLOOR,364000,residential_sale,2,99,1.0,,0,1.0,12.0,,,,,4.0,,AS_NEW,compound
20320060,1000,APARTMENT,GROUND_FLOOR,386000,residential_sale,3,110,1.0,,0,1.0,6.0,,,,,4.0,,AS_NEW,compound
20324888,8540,APARTMENT,APARTMENT,395000,residential_sale,3,125,1.0,0.0,0,1.0,8.0,,,,,,,GOOD,compound
20324874,8540,APARTMENT,APARTMENT,460000,residential_sale,3,135,1.0,0.0,0,1.0,,,,,,,,GOOD,compound
20318964,1310,APARTMENT,GROUND_FLOOR,1840000,residential_sale,3,255,1.0,0.0,0,1.0,62.0,,,,,3.0,0.0,AS_NEW,compound
20318959,1310,APARTMENT,GROUND_FLOOR,1985000,residential_sale,3,288,1.0,0.0,0,1.0,71.0,,,,,,0.0,AS_NEW,compound
20324568,9680,HOUSE,VILLA,695000,residential_sale,3,208,,0.0,0,1.0,17.0,,,,9092.0,4.0,,GOOD,single
20316190,9800,APARTMENT,APARTMENT,252000,residential_sale,1,82,1.0,,0,1.0,13.0,,,,,,,GOOD,compound
20316241,9800,APARTMENT,APARTMENT,272000,residential_sale,2,91,1.0,0.0,0,1.0,8.0,,,,,,,GOOD,compound
20316253,9800,APARTMENT,APARTMENT,287000,residential_sale,2,97,1.0,0.0,0,1.0,4.0,,,,,,,GOOD,compound
20316172,9800,APARTMENT,APARTMENT,340000,residential_sale,2,97,1.0,0.0,0,1.0,20.0,,,,,,,GOOD,compound
20315769,1730,APARTMENT,DUPLEX,315000,residential_sale,2,101,,,0,1.0,30.0,,,,,2.0,,AS_NEW,compound
20315767,1730,APARTMENT,DUPLEX,375000,residential_sale,2,110,,,0,1.0,53.0,,,,,2.0,,AS_NEW,compound
20321878,6800,HOUSE,HOUSE,145000,residential_sale,2,100,1.0,0.0,0,1.0,15.0,1.0,100.0,100.0,308.0,3.0,0.0,TO_RENOVATE,single
20313080,1070,APARTMENT,KOT,132350,residential_sale,0,17,,,0,,,,,,,2.0,,AS_NEW,compound
20313128,1070,APARTMENT,KOT,132350,residential_sale,0,17,,,0,,,,,,,2.0,,AS_NEW,compound
20313051,1070,APARTMENT,KOT,132350,residential_sale,0,17,,,0,,,,,,,2.0,,AS_NEW,compound
20313258,1070,APARTMENT,KOT,132350,residential_sale,0,17,,,0,,,,,,,2.0,,AS_NEW,compound
20313261,1070,APARTMENT,KOT,132350,residential_sale,0,17,,,0,,,,,,,2.0,,AS_NEW,compound
20313083,1070,APARTMENT,KOT,132350,residential_sale,0,17,,,0,,,,,,,2.0,,AS_NEW,compound
20313086,1070,APARTMENT,KOT,132350,residential_sale,0,17,,,0,,,,,,,2.0,,AS_NEW,compound
20313236,1070,APARTMENT,KOT,132350,residential_sale,0,17,,,0,,,,,,,2.0,,AS_NEW,compound
20313096,1070,APARTMENT,KOT,132350,residential_sale,0,17,,,0,,,,,,,2.0,,AS_NEW,compound
20313255,1070,APARTMENT,KOT,132350,residential_sale,0,17,,,0,,,,,,,2.0,,AS_NEW,compound
20313105,1070,APARTMENT,KOT,132350,residential_sale,0,17,,,0,,,,,,,2.0,,AS_NEW,compound
20313052,1070,APARTMENT,KOT,132350,residential_sale,0,17,,,0,,,,,,,2.0,,AS_NEW,compound
20313056,1070,APARTMENT,KOT,132350,residential_sale,0,17,,,0,,,,,,,2.0,,AS_NEW,compound
20313099,1070,APARTMENT,KOT,132350,residential_sale,0,17,,,0,,,,,,,2.0,,AS_NEW,compound
20313232,1070,APARTMENT,KOT,132350,residential_sale,0,17,,,0,,,,,,,2.0,,AS_NEW,compound
20313248,1070,APARTMENT,KOT,132350,residential_sale,0,17,,,0,,,,,,,2.0,,AS_NEW,compound
20313100,1070,APARTMENT,KOT,132350,residential_sale,0,17,,,0,,,,,,,2.0,,AS_NEW,compound
20313129,1070,APARTMENT,KOT,132350,residential_sale,0,17,,,0,,,,,,,2.0,,AS_NEW,compound
20313229,1070,APARTMENT,KOT,132350,residential_sale,0,17,,,0,,,,,,,2.0,,AS_NEW,compound
20313208,1070,APARTMENT,KOT,132350,residential_sale,0,17,,,0,,,,,,,2.0,,AS_NEW,compound
20313118,1070,APARTMENT,KOT,132350,residential_sale,0,17,,,0,,,,,,,2.0,,AS_NEW,compound
20313256,1070,APARTMENT,KOT,132350,residential_sale,0,17,,,0,,,,,,,2.0,,AS_NEW,compound
20313092,1070,APARTMENT,KOT,132350,residential_sale,0,17,,,0,,,,,,,2.0,,AS_NEW,compound
20313095,1070,APARTMENT,KOT,132350,residential_sale,0,17,,,0,,,,,,,2.0,,AS_NEW,compound
20313231,1070,APARTMENT,KOT,132350,residential_sale,0,17,,,0,,,,,,,2.0,,AS_NEW,compound
20313125,1070,APARTMENT,KOT,132350,residential_sale,0,17,,,0,,,,,,,2.0,,AS_NEW,compound
20313085,1070,APARTMENT,KOT,132350,residential_sale,0,17,,,0,,,,,,,2.0,,AS_NEW,compound
20313093,1070,APARTMENT,KOT,132350,residential_sale,0,17,,,0,,,,,,,2.0,,AS_NEW,compound
20313082,1070,APARTMENT,KOT,132350,residential_sale,0,17,,,0,,,,,,,2.0,,AS_NEW,compound
20313226,1070,APARTMENT,KOT,132350,residential_sale,0,17,,,0,,,,,,,2.0,,AS_NEW,compound
20313127,1070,APARTMENT,KOT,132350,residential_sale,0,17,,,0,,,,,,,2.0,,AS_NEW,compound
20313235,1070,APARTMENT,KOT,132350,residential_sale,0,17,,,0,,,,,,,2.0,,AS_NEW,compound
20313144,1070,APARTMENT,KOT,132350,residential_sale,0,17,,,0,,,,,,,2.0,,AS_NEW,compound
20313121,1070,APARTMENT,KOT,132350,residential_sale,0,17,,,0,,,,,,,2.0,,AS_NEW,compound
20313172,1070,APARTMENT,KOT,132350,residential_sale,0,17,,,0,,,,,,,2.0,,AS_NEW,compound
20313191,1070,APARTMENT,FLAT_STUDIO,199900,residential_sale,0,34,1.0,,0,1.0,6.0,,,,,2.0,,AS_NEW,compound
20313159,1070,APARTMENT,KOT,213600,residential_sale,0,34,,,0,,,,,,,2.0,,AS_NEW,compound
20313084,1070,APARTMENT,KOT,213600,residential_sale,0,34,,,0,,,,,,,2.0,,AS_NEW,compound
20313180,1070,APARTMENT,FLAT_STUDIO,241050,residential_sale,0,40,1.0,,0,1.0,5.0,,,,,2.0,,AS_NEW,compound
20313244,1070,APARTMENT,FLAT_STUDIO,241050,residential_sale,0,40,1.0,,0,1.0,5.0,,,,,2.0,,AS_NEW,compound
20313088,1070,APARTMENT,FLAT_STUDIO,258650,residential_sale,0,44,1.0,,0,1.0,6.0,,,,,2.0,,AS_NEW,compound
20313057,1070,APARTMENT,FLAT_STUDIO,258650,residential_sale,0,44,1.0,,0,1.0,6.0,,,,,2.0,,AS_NEW,compound
20313115,1070,APARTMENT,FLAT_STUDIO,258650,residential_sale,0,44,1.0,,0,1.0,6.0,,,,,2.0,,AS_NEW,compound
20313204,1070,APARTMENT,FLAT_STUDIO,258650,residential_sale,0,44,1.0,,0,1.0,6.0,,,,,2.0,,AS_NEW,compound
20313161,1070,APARTMENT,FLAT_STUDIO,258650,residential_sale,0,44,1.0,,0,1.0,6.0,,,,,2.0,,AS_NEW,compound
20313177,1070,APARTMENT,FLAT_STUDIO,258650,residential_sale,0,44,1.0,,0,1.0,6.0,,,,,2.0,,AS_NEW,compound
20313068,1070,APARTMENT,FLAT_STUDIO,258650,residential_sale,0,44,1.0,,0,1.0,6.0,,,,,2.0,,AS_NEW,compound
20313239,1070,APARTMENT,FLAT_STUDIO,258650,residential_sale,0,44,1.0,,0,1.0,6.0,,,,,2.0,,AS_NEW,compound
20313205,1070,APARTMENT,FLAT_STUDIO,258650,residential_sale,0,44,1.0,,0,1.0,6.0,,,,,2.0,,AS_NEW,compound
20313117,1070,APARTMENT,FLAT_STUDIO,258650,residential_sale,0,44,1.0,,0,1.0,6.0,,,,,2.0,,AS_NEW,compound
20313203,1070,APARTMENT,FLAT_STUDIO,258650,residential_sale,0,44,1.0,,0,1.0,6.0,,,,,2.0,,AS_NEW,compound
20313113,1070,APARTMENT,FLAT_STUDIO,258650,residential_sale,0,44,1.0,,0,1.0,6.0,,,,,2.0,,AS_NEW,compound
20313202,1070,APARTMENT,FLAT_STUDIO,258650,residential_sale,0,44,1.0,,0,1.0,6.0,,,,,2.0,,AS_NEW,compound
20313148,1070,APARTMENT,APARTMENT,385000,residential_sale,3,80,1.0,,0,1.0,17.0,,,,,2.0,,AS_NEW,compound
20321545,2060,APARTMENT,APARTMENT,219000,residential_sale,1,56,1.0,,0,1.0,12.0,,,,,,,GOOD,single
20321110,2140,HOUSE,APARTMENT_BLOCK,359900,residential_sale,3,156,1.0,,0,,,1.0,11.0,11.0,84.0,2.0,,TO_RENOVATE,single
20321730,1070,HOUSE,HOUSE,399000,residential_sale,3,185,1.0,0.0,0,1.0,48.0,1.0,100.0,100.0,180.0,2.0,0.0,TO_RENOVATE,single
20324038,9600,APARTMENT,APARTMENT,190000,residential_sale,1,60,1.0,,0,,,,,,,,,JUST_RENOVATED,single
20322460,9770,APARTMENT,APARTMENT,425000,residential_sale,3,124,1.0,,0,1.0,25.0,,,,,,,GOOD,single
20323704,2150,APARTMENT,APARTMENT,199000,residential_sale,2,81,1.0,,0,,,,,,,2.0,,TO_BE_DONE_UP,single
20321298,2840,APARTMENT,APARTMENT,249500,residential_sale,2,115,1.0,,0,1.0,37.0,,,,,,,GOOD,single
20315703,9940,APARTMENT,APARTMENT,275000,residential_sale,2,83,1.0,,0,1.0,17.0,,,,,2.0,,GOOD,single
20306870,2100,APARTMENT,APARTMENT,400000,residential_sale,3,152,1.0,,0,1.0,110.0,,,,,2.0,,GOOD,single
20319549,8530,APARTMENT,APARTMENT,239000,residential_sale,3,99,1.0,,0,,,,,,,2.0,,JUST_RENOVATED,single
20317251,9230,HOUSE,HOUSE,199500,residential_sale,2,150,1.0,,0,1.0,45.0,1.0,45.0,45.0,140.0,3.0,,GOOD,single
20324414,2100,APARTMENT,APARTMENT,305000,residential_sale,2,92,,,0,1.0,8.0,,,,,2.0,,,compound
20323981,1420,APARTMENT,APARTMENT,357000,residential_sale,2,107,1.0,0.0,0,1.0,10.0,,,,,3.0,0.0,AS_NEW,compound
20324082,1050,APARTMENT,LOFT,499000,residential_sale,1,81,1.0,0.0,0,1.0,9.0,,,,,2.0,,AS_NEW,compound
20319728,2660,APARTMENT,APARTMENT,185000,residential_sale,3,90,,,0,1.0,5.0,,,,,3.0,,GOOD,single
20317688,9051,APARTMENT,GROUND_FLOOR,280000,residential_sale,2,76,1.0,0.0,0,1.0,12.0,,,,,2.0,0.0,AS_NEW,compound
20320148,1000,APARTMENT,APARTMENT,291000,residential_sale,1,75,1.0,,0,1.0,5.0,,,,,4.0,,AS_NEW,compound
20320146,1000,APARTMENT,GROUND_FLOOR,363000,residential_sale,2,97,1.0,,0,1.0,6.0,,,,,4.0,,,compound
20317648,9940,APARTMENT,GROUND_FLOOR,295000,residential_sale,1,80,1.0,0.0,0,1.0,15.0,,,,,2.0,0.0,AS_NEW,compound
20317658,9940,APARTMENT,APARTMENT,375000,residential_sale,2,113,1.0,0.0,0,1.0,9.0,,,,,2.0,0.0,AS_NEW,compound
20320223,1000,APARTMENT,APARTMENT,350000,residential_sale,2,97,1.0,,0,1.0,5.0,,,,,3.0,,AS_NEW,compound
20320255,1000,APARTMENT,GROUND_FLOOR,356000,residential_sale,2,104,1.0,,0,1.0,9.0,,,,,3.0,,,compound
20320243,1000,APARTMENT,APARTMENT,360000,residential_sale,2,97,1.0,,0,1.0,5.0,,,,,3.0,,,compound
20320241,1000,APARTMENT,APARTMENT,364000,residential_sale,2,102,1.0,,0,1.0,9.0,,,,,3.0,,AS_NEW,compound
20320226,1000,APARTMENT,APARTMENT,366000,residential_sale,2,102,1.0,,0,1.0,9.0,,,,,3.0,,,compound
20320252,1000,APARTMENT,APARTMENT,372000,residential_sale,2,103,1.0,,0,1.0,8.0,,,,,3.0,,,compound
20320225,1000,APARTMENT,APARTMENT,375000,residential_sale,2,103,1.0,,0,1.0,8.0,,,,,3.0,,,compound
20320249,1000,APARTMENT,APARTMENT,379000,residential_sale,2,102,1.0,,0,1.0,9.0,,,,,3.0,,,compound
20320240,1000,APARTMENT,GROUND_FLOOR,400000,residential_sale,3,121,1.0,,0,1.0,5.0,,,,,3.0,,AS_NEW,compound
20324060,2630,HOUSE,HOUSE,469000,residential_sale,4,195,1.0,,0,1.0,32.0,1.0,66.0,66.0,172.0,2.0,,JUST_RENOVATED,single
20315763,9051,APARTMENT,APARTMENT,235000,residential_sale,1,57,1.0,0.0,0,1.0,10.0,,,,,,,GOOD,compound
20315808,9051,APARTMENT,APARTMENT,265000,residential_sale,1,59,1.0,0.0,0,1.0,10.0,,,,,,,GOOD,compound
20315784,9051,APARTMENT,APARTMENT,340000,residential_sale,3,96,1.0,0.0,0,1.0,26.0,,,,,,,GOOD,compound
20315812,9051,APARTMENT,APARTMENT,370000,residential_sale,2,100,1.0,0.0,0,1.0,10.0,,,,,,,GOOD,compound
20323535,2170,APARTMENT,APARTMENT,189000,residential_sale,2,70,1.0,,0,1.0,3.0,,,,,2.0,,JUST_RENOVATED,single
20317909,9620,HOUSE,HOUSE,299000,residential_sale,2,123,1.0,0.0,0,1.0,13.0,1.0,95.0,95.0,170.0,2.0,0.0,AS_NEW,single
20314254,9000,APARTMENT,APARTMENT,250000,residential_sale,1,59,1.0,0.0,0,1.0,10.0,,,,,,,GOOD,compound
20314289,9000,APARTMENT,APARTMENT,310000,residential_sale,2,81,1.0,0.0,0,1.0,10.0,,,,,,,GOOD,compound
20314271,9000,APARTMENT,APARTMENT,355000,residential_sale,3,101,1.0,0.0,0,1.0,13.0,,,,,,,GOOD,compound
20314276,9000,APARTMENT,APARTMENT,380000,residential_sale,2,99,1.0,0.0,0,1.0,10.0,,,,,,,GOOD,compound
20318805,2140,APARTMENT,APARTMENT,219000,residential_sale,2,92,,,0,1.0,6.0,,,,,3.0,,GOOD,single
20317725,9030,HOUSE,HOUSE,620000,residential_sale,4,265,1.0,0.0,0,1.0,30.0,1.0,478.0,478.0,629.0,3.0,0.0,GOOD,single
20310288,9700,APARTMENT,APARTMENT,275000,residential_sale,2,86,1.0,0.0,0,1.0,4.0,,,,,2.0,0.0,AS_NEW,compound
20310303,9700,APARTMENT,APARTMENT,329000,residential_sale,2,101,1.0,0.0,0,1.0,8.0,,,,,2.0,0.0,AS_NEW,compound
20321789,9000,APARTMENT,APARTMENT,175000,residential_sale,1,35,1.0,,0,1.0,6.0,,,,,,,GOOD,single
20323356,4680,HOUSE,HOUSE,549000,residential_sale,4,243,1.0,0.0,0,1.0,55.0,1.0,1270.0,1270.0,1751.0,4.0,0.0,AS_NEW,single
20311819,2610,APARTMENT,APARTMENT,395000,residential_sale,3,129,1.0,,0,1.0,12.0,,,,,2.0,,JUST_RENOVATED,single
20313601,1300,HOUSE,APARTMENT_BLOCK,180000,residential_sale,0,78,1.0,1.0,1,1.0,6.0,1.0,6.0,6.0,100.0,2.0,0.0,JUST_RENOVATED,single
20320995,9600,HOUSE,HOUSE,315000,residential_sale,3,195,,,0,1.0,20.0,1.0,320.0,320.0,393.0,,,GOOD,single
20313793,1000,APARTMENT,APARTMENT,695000,residential_sale,2,150,1.0,,0,1.0,,,,,,2.0,,JUST_RENOVATED,single
20324059,2100,HOUSE,TOWN_HOUSE,349000,residential_sale,3,207,,,0,,,,,,75.0,2.0,,TO_RENOVATE,single
20317953,7090,HOUSE,COUNTRY_COTTAGE,650000,residential_sale,3,300,,,0,1.0,40.0,1.0,600.0,600.0,1315.0,4.0,,,single
20321519,8870,APARTMENT,APARTMENT,216000,residential_sale,2,80,1.0,0.0,0,1.0,,,,,,,,,compound
20321512,8870,APARTMENT,APARTMENT,232000,residential_sale,2,86,1.0,0.0,0,1.0,,,,,,,,,compound
20321953,2490,APARTMENT,APARTMENT,245000,residential_sale,2,102,1.0,,0,1.0,14.0,,,,,2.0,,,compound
20321932,2490,APARTMENT,GROUND_FLOOR,388344,residential_sale,3,126,1.0,,0,1.0,32.0,,,,,3.0,,,compound
20321640,9052,APARTMENT,APARTMENT,301948,residential_sale,1,69,1.0,0.0,0,1.0,9.0,,,,,3.0,0.0,,compound
20321632,9052,APARTMENT,APARTMENT,419368,residential_sale,2,99,1.0,0.0,0,1.0,10.0,,,,,2.0,0.0,,compound
20321651,9052,APARTMENT,APARTMENT,429210,residential_sale,2,100,1.0,0.0,0,1.0,12.0,,,,,3.0,0.0,,compound
20321642,9052,APARTMENT,APARTMENT,530328,residential_sale,3,126,1.0,0.0,0,1.0,12.0,,,,,2.0,0.0,,compound
20321625,9000,APARTMENT,APARTMENT,653049,residential_sale,1,77,1.0,0.0,0,1.0,8.0,,,,,2.0,0.0,AS_NEW,compound
20317722,9000,APARTMENT,GROUND_FLOOR,280000,residential_sale,2,76,1.0,0.0,0,1.0,12.0,,,,,2.0,0.0,AS_NEW,compound
20320681,1000,APARTMENT,FLAT_STUDIO,265000,residential_sale,0,40,,,0,1.0,3.0,,,,,3.0,,AS_NEW,compound
20320692,1000,APARTMENT,FLAT_STUDIO,275000,residential_sale,0,40,,,0,1.0,3.0,,,,,3.0,,AS_NEW,compound
20320687,1000,APARTMENT,APARTMENT,330125,residential_sale,1,65,,,0,1.0,4.0,,,,,3.0,,AS_NEW,compound
20320705,1000,APARTMENT,APARTMENT,425000,residential_sale,2,83,,,0,1.0,20.0,,,,,3.0,,,compound
20320694,1000,APARTMENT,APARTMENT,465000,residential_sale,2,99,,,0,1.0,12.0,,,,,3.0,,AS_NEW,compound
20318337,1070,APARTMENT,PENTHOUSE,351500,residential_sale,1,83,1.0,0.0,0,1.0,26.0,1.0,26.0,26.0,,2.0,0.0,AS_NEW,compound
20318338,1070,APARTMENT,PENTHOUSE,426500,residential_sale,3,113,1.0,0.0,0,1.0,28.0,1.0,24.0,24.0,,2.0,0.0,AS_NEW,compound
20317581,9940,APARTMENT,GROUND_FLOOR,360000,residential_sale,2,103,1.0,0.0,0,1.0,36.0,,,,,2.0,0.0,AS_NEW,compound
20317589,9940,APARTMENT,PENTHOUSE,445000,residential_sale,2,122,1.0,0.0,0,1.0,48.0,,,,,2.0,0.0,AS_NEW,compound
20317654,9000,APARTMENT,APARTMENT,419000,residential_sale,3,140,1.0,0.0,0,1.0,15.0,,,,,2.0,0.0,AS_NEW,compound
20322392,3000,APARTMENT,APARTMENT,1189000,residential_sale,2,119,1.0,0.0,0,1.0,32.0,,,,,,,AS_NEW,single
20315738,1190,APARTMENT,APARTMENT,328858,residential_sale,2,94,1.0,0.0,0,1.0,15.0,,,,,2.0,0.0,AS_NEW,compound
20315740,1190,APARTMENT,APARTMENT,329081,residential_sale,2,92,1.0,0.0,0,1.0,13.0,,,,,2.0,0.0,AS_NEW,compound
20324309,9550,APARTMENT,APARTMENT,229000,residential_sale,2,105,1.0,,0,1.0,,,,,,3.0,,GOOD,single
20317427,9032,HOUSE,HOUSE,329000,residential_sale,1,250,1.0,,0,1.0,20.0,,,,196.0,3.0,0.0,TO_RENOVATE,single
20314449,7000,APARTMENT,APARTMENT,276000,residential_sale,2,95,1.0,,0,1.0,5.0,,,,,4.0,,,compound
20316101,1780,HOUSE,APARTMENT_BLOCK,669900,residential_sale,6,220,1.0,,0,1.0,6.0,1.0,100.0,100.0,268.0,2.0,,JUST_RENOVATED,single
20316537,8500,APARTMENT,APARTMENT,349000,residential_sale,2,110,1.0,,0,1.0,8.0,,,,,2.0,,GOOD,single
20323898,9000,HOUSE,HOUSE,195000,residential_sale,3,116,1.0,0.0,0,1.0,22.0,,,,116.0,2.0,0.0,TO_RENOVATE,single
20310297,9051,APARTMENT,APARTMENT,459000,residential_sale,2,108,1.0,0.0,0,1.0,3.0,,,,,2.0,0.0,AS_NEW,compound
20324033,9600,APARTMENT,APARTMENT,185000,residential_sale,1,60,1.0,,0,,,,,,,,,JUST_RENOVATED,single
20322432,3000,HOUSE,APARTMENT_BLOCK,895000,residential_sale,6,222,1.0,0.0,0,1.0,,1.0,244.0,244.0,356.0,,,GOOD,single
20315989,8880,HOUSE,HOUSE,199000,residential_sale,4,350,1.0,,0,1.0,16.0,,,,272.0,2.0,,TO_RENOVATE,single
20323827,1140,APARTMENT,APARTMENT,239000,residential_sale,1,62,1.0,,0,1.0,5.0,,,,,2.0,0.0,GOOD,single
20320972,2570,HOUSE,HOUSE,345000,residential_sale,4,160,,0.0,0,1.0,10.0,,,,175.0,2.0,,GOOD,single
20304633,9000,APARTMENT,APARTMENT,369000,residential_sale,2,87,1.0,0.0,0,1.0,7.0,,,,,,,GOOD,single
20307858,2100,APARTMENT,GROUND_FLOOR,234900,residential_sale,1,85,1.0,0.0,0,,,1.0,26.0,26.0,,2.0,0.0,AS_NEW,single
20317231,1180,APARTMENT,FLAT_STUDIO,179000,residential_sale,1,37,1.0,0.0,0,1.0,,1.0,18.0,18.0,,4.0,0.0,GOOD,single
20322071,2430,APARTMENT,GROUND_FLOOR,235000,residential_sale,2,89,,,0,1.0,11.0,,,,,4.0,,,compound
20322311,2500,APARTMENT,APARTMENT,269000,residential_sale,1,84,1.0,,0,1.0,11.0,,,,,2.0,,,compound
20322303,2500,APARTMENT,GROUND_FLOOR,394000,residential_sale,3,118,1.0,,0,1.0,37.0,1.0,73.0,73.0,,2.0,,,compound
20324500,9810,APARTMENT,APARTMENT,312500,residential_sale,2,78,1.0,0.0,0,1.0,5.0,,,,,,,GOOD,compound
20322450,1140,APARTMENT,DUPLEX,385000,residential_sale,2,96,1.0,0.0,0,1.0,12.0,,,,,2.0,0.0,AS_NEW,compound
20317715,9000,APARTMENT,GROUND_FLOOR,235000,residential_sale,1,57,1.0,0.0,0,1.0,10.0,,,,,2.0,0.0,AS_NEW,compound
20320200,1000,APARTMENT,GROUND_FLOOR,282000,residential_sale,1,70,1.0,,0,1.0,7.0,,,,,4.0,,AS_NEW,compound
20320211,1000,APARTMENT,GROUND_FLOOR,367000,residential_sale,2,98,1.0,,0,1.0,7.0,,,,,4.0,,AS_NEW,compound
20320196,1000,APARTMENT,GROUND_FLOOR,405000,residential_sale,2,98,1.0,,0,1.0,7.0,,,,,4.0,,AS_NEW,compound
20320199,1000,APARTMENT,APARTMENT,415000,residential_sale,2,98,1.0,,0,1.0,7.0,,,,,4.0,,,compound
20320643,1000,APARTMENT,APARTMENT,422000,residential_sale,2,98,1.0,,0,1.0,7.0,,,,,4.0,,,compound
20320658,1000,APARTMENT,APARTMENT,432000,residential_sale,2,104,1.0,,0,1.0,7.0,,,,,4.0,,,compound
20317969,1070,APARTMENT,APARTMENT,322500,residential_sale,2,95,1.0,0.0,0,1.0,7.0,,,,,2.0,0.0,AS_NEW,compound
20317967,1070,APARTMENT,DUPLEX,406500,residential_sale,2,115,1.0,0.0,0,1.0,28.0,1.0,24.0,24.0,,2.0,0.0,AS_NEW,compound
20320678,1000,APARTMENT,GROUND_FLOOR,407000,residential_sale,2,107,1.0,,0,1.0,10.0,,,,,4.0,,,compound
20320677,1000,APARTMENT,APARTMENT,420000,residential_sale,2,106,1.0,,0,1.0,10.0,,,,,4.0,,,compound
20320173,1000,APARTMENT,APARTMENT,432000,residential_sale,2,106,1.0,,0,1.0,10.0,,,,,4.0,,,compound
20320089,1000,APARTMENT,GROUND_FLOOR,364000,residential_sale,2,93,1.0,,0,1.0,8.0,,,,,4.0,0.0,AS_NEW,compound
20320156,1000,APARTMENT,GROUND_FLOOR,370000,residential_sale,2,94,1.0,,0,1.0,8.0,,,,,4.0,,AS_NEW,compound
20320168,1000,APARTMENT,APARTMENT,379000,residential_sale,2,93,1.0,,0,1.0,8.0,,,,,4.0,,,compound
20319727,2660,APARTMENT,APARTMENT,264000,residential_sale,2,106,1.0,,0,1.0,9.0,,,,,2.0,,AS_NEW,single
20315460,1357,APARTMENT,APARTMENT,244500,residential_sale,2,87,,,0,,,,,,,3.0,,,compound
20315440,1325,APARTMENT,APARTMENT,344380,residential_sale,2,84,1.0,0.0,0,1.0,6.0,,,,,,0.0,,compound
20316535,8530,HOUSE,VILLA,379000,residential_sale,3,175,1.0,,0,1.0,,,,,606.0,4.0,,GOOD,single
20324484,1080,APARTMENT,APARTMENT,265000,residential_sale,2,83,1.0,,0,1.0,4.0,,,,,2.0,0.0,AS_NEW,single
20314447,7030,APARTMENT,APARTMENT,304000,residential_sale,2,107,1.0,,0,1.0,10.0,,,,,4.0,,,compound
20312250,8300,APARTMENT,APARTMENT,905000,residential_sale,2,96,,0.0,0,,,,,,,,,AS_NEW,compound
20312349,8300,APARTMENT,APARTMENT,950000,residential_sale,2,99,,0.0,0,,,,,,,,,AS_NEW,compound
20312282,8300,APARTMENT,APARTMENT,1250000,residential_sale,2,90,,0.0,0,,,,,,,,,AS_NEW,compound
20312355,8300,APARTMENT,DUPLEX,2525000,residential_sale,3,177,,0.0,0,,,,,,,,,AS_NEW,compound
20317775,1180,APARTMENT,GROUND_FLOOR,450000,residential_sale,2,122,1.0,0.0,0,1.0,,1.0,200.0,200.0,,3.0,0.0,GOOD,single
20313783,1070,APARTMENT,APARTMENT,315000,residential_sale,3,120,1.0,0.0,0,1.0,8.0,,,,,2.0,0.0,AS_NEW,single
20316678,9800,APARTMENT,APARTMENT,399000,residential_sale,3,130,1.0,0.0,0,1.0,4.0,,,,,,,GOOD,single
20324301,2640,APARTMENT,APARTMENT,225000,residential_sale,1,68,1.0,,0,,,1.0,145.0,145.0,,2.0,,GOOD,single
20315035,1180,APARTMENT,APARTMENT,650000,residential_sale,4,166,1.0,,1,1.0,25.0,,,,,3.0,,TO_BE_DONE_UP,single
20323340,8430,APARTMENT,APARTMENT,375000,residential_sale,2,85,,1.0,0,1.0,,,,,,,,GOOD,single
20318983,9320,APARTMENT,APARTMENT,269000,residential_sale,2,91,1.0,,0,1.0,5.0,,,,,,,GOOD,single
20314951,1080,APARTMENT,APARTMENT,275000,residential_sale,2,110,,0.0,1,1.0,26.0,,,,,,0.0,AS_NEW,single
20324049,2500,HOUSE,HOUSE,262000,residential_sale,2,151,1.0,,0,1.0,,,,,211.0,,,TO_BE_DONE_UP,single
20315041,9000,HOUSE,HOUSE,595000,residential_sale,3,221,1.0,,0,1.0,,1.0,320.0,320.0,406.0,,,TO_BE_DONE_UP,single
20324365,2640,APARTMENT,APARTMENT,235000,residential_sale,1,54,1.0,,0,1.0,12.0,,,,,,,,compound
20324376,2640,APARTMENT,APARTMENT,250000,residential_sale,1,54,1.0,,0,1.0,12.0,,,,,,,,compound
20324337,2640,APARTMENT,APARTMENT,369338,residential_sale,2,95,1.0,,0,1.0,13.0,,,,,,,,compound
20324343,2640,APARTMENT,APARTMENT,391388,residential_sale,2,95,1.0,,0,1.0,13.0,,,,,,,,compound
20324373,2640,APARTMENT,APARTMENT,418950,residential_sale,3,105,1.0,,0,1.0,14.0,,,,,,,,compound
20324371,2640,APARTMENT,APARTMENT,571725,residential_sale,3,127,1.0,,0,1.0,17.0,,,,,,,,compound
20324387,9230,APARTMENT,APARTMENT,325000,residential_sale,2,106,1.0,,0,1.0,10.0,,,,,2.0,,,compound
20324116,1000,APARTMENT,FLAT_STUDIO,395000,residential_sale,0,48,,0.0,0,1.0,31.0,,,,,2.0,,,compound
20324121,1000,APARTMENT,FLAT_STUDIO,423000,residential_sale,0,56,1.0,0.0,0,1.0,11.0,,,,,2.0,0.0,,compound
20324149,1000,APARTMENT,APARTMENT,838000,residential_sale,2,134,1.0,0.0,0,1.0,9.0,,,,,2.0,,AS_NEW,compound
20324123,1000,APARTMENT,APARTMENT,1450000,residential_sale,3,199,1.0,0.0,0,1.0,20.0,,,,,2.0,,AS_NEW,compound
20317800,2140,APARTMENT,APARTMENT,185000,residential_sale,3,98,1.0,,0,1.0,8.0,,,,,3.0,,GOOD,single
20317709,9000,APARTMENT,GROUND_FLOOR,280000,residential_sale,2,76,1.0,0.0,0,1.0,12.0,,,,,2.0,0.0,AS_NEW,compound
20324824,8600,APARTMENT,APARTMENT,289900,residential_sale,1,81,1.0,0.0,0,1.0,,,,,,,,GOOD,compound
20324830,8600,APARTMENT,APARTMENT,367360,residential_sale,2,115,1.0,0.0,0,1.0,,,,,,,,GOOD,compound
20318342,1080,APARTMENT,APARTMENT,322500,residential_sale,2,95,1.0,0.0,0,1.0,7.0,,,,,2.0,0.0,AS_NEW,compound
20318347,1080,APARTMENT,PENTHOUSE,406500,residential_sale,3,101,1.0,0.0,0,1.0,26.0,1.0,19.0,19.0,,2.0,0.0,AS_NEW,compound
20320286,1000,APARTMENT,APARTMENT,325000,residential_sale,2,92,1.0,,0,,,,,,,4.0,,,compound
20320081,1000,APARTMENT,GROUND_FLOOR,366000,residential_sale,2,99,1.0,,0,1.0,12.0,,,,,4.0,,,compound
20320050,1000,APARTMENT,GROUND_FLOOR,389000,residential_sale,3,111,1.0,,0,,,,,,,4.0,,AS_NEW,compound
20324882,8540,APARTMENT,APARTMENT,405000,residential_sale,3,122,1.0,0.0,0,1.0,9.0,,,,,,,GOOD,compound
20320298,1000,APARTMENT,GROUND_FLOOR,365000,residential_sale,2,100,1.0,,0,1.0,10.0,,,,,3.0,,AS_NEW,compound
20318961,1310,APARTMENT,APARTMENT,1875000,residential_sale,3,260,1.0,0.0,0,1.0,34.0,,,,,3.0,0.0,AS_NEW,compound
20318942,1310,APARTMENT,APARTMENT,2035000,residential_sale,3,293,1.0,0.0,0,1.0,41.0,,,,,,0.0,AS_NEW,compound
20318933,6700,APARTMENT,APARTMENT,275000,residential_sale,2,88,1.0,0.0,0,1.0,5.0,,,,,2.0,0.0,GOOD,single
20316167,9800,APARTMENT,APARTMENT,262000,residential_sale,2,91,1.0,0.0,0,1.0,8.0,,,,,,,GOOD,compound
20316245,9800,APARTMENT,APARTMENT,277000,residential_sale,2,91,1.0,0.0,0,1.0,4.0,,,,,,,GOOD,compound
20317282,9800,APARTMENT,APARTMENT,292000,residential_sale,2,97,1.0,0.0,0,1.0,8.0,,,,,,,GOOD,compound
20317283,9800,APARTMENT,APARTMENT,350000,residential_sale,2,97,1.0,0.0,0,1.0,20.0,,,,,,,GOOD,compound
20315768,1730,APARTMENT,GROUND_FLOOR,320000,residential_sale,2,90,,,0,1.0,24.0,1.0,15.0,15.0,,2.0,,AS_NEW,compound
20318426,6780,HOUSE,HOUSE,405000,residential_sale,3,130,,,0,1.0,25.0,1.0,120.0,120.0,241.0,2.0,,GOOD,single
20324056,3080,HOUSE,VILLA,1795000,residential_sale,4,310,1.0,0.0,0,1.0,40.0,1.0,2610.0,2610.0,2800.0,4.0,0.0,AS_NEW,single
20313212,1070,APARTMENT,KOT,132350,residential_sale,0,17,,,0,,,,,,,2.0,,AS_NEW,compound
20313149,1070,APARTMENT,KOT,132350,residential_sale,0,17,,,0,,,,,,,2.0,,AS_NEW,compound
20313167,1070,APARTMENT,KOT,132350,residential_sale,0,17,,,0,,,,,,,2.0,,AS_NEW,compound
20313072,1070,APARTMENT,KOT,132350,residential_sale,0,17,,,0,,,,,,,2.0,,AS_NEW,compound
20313076,1070,APARTMENT,KOT,132350,residential_sale,0,17,,,0,,,,,,,2.0,,AS_NEW,compound
20313150,1070,APARTMENT,KOT,132350,residential_sale,0,17,,,0,,,,,,,2.0,,AS_NEW,compound
20313221,1070,APARTMENT,KOT,132350,residential_sale,0,17,,,0,,,,,,,2.0,,AS_NEW,compound
20313097,1070,APARTMENT,KOT,132350,residential_sale,0,17,,,0,,,,,,,2.0,,AS_NEW,compound
20313164,1070,APARTMENT,KOT,132350,residential_sale,0,17,,,0,,,,,,,2.0,,AS_NEW,compound
20313250,1070,APARTMENT,KOT,132350,residential_sale,0,17,,,0,,,,,,,2.0,,AS_NEW,compound
20313154,1070,APARTMENT,KOT,132350,residential_sale,0,17,,,0,,,,,,,2.0,,AS_NEW,compound
20313249,1070,APARTMENT,KOT,132350,residential_sale,0,17,,,0,,,,,,,2.0,,AS_NEW,compound
20313153,1070,APARTMENT,KOT,132350,residential_sale,0,17,,,0,,,,,,,2.0,,AS_NEW,compound
20313124,1070,APARTMENT,KOT,132350,residential_sale,0,17,,,0,,,,,,,2.0,,AS_NEW,compound
20313253,1070,APARTMENT,KOT,132350,residential_sale,0,17,,,0,,,,,,,2.0,,AS_NEW,compound
20313058,1070,APARTMENT,KOT,132350,residential_sale,0,17,,,0,,,,,,,2.0,,AS_NEW,compound
20313228,1070,APARTMENT,KOT,132350,residential_sale,0,17,,,0,,,,,,,2.0,,AS_NEW,compound
20313074,1070,APARTMENT,KOT,132350,residential_sale,0,17,,,0,,,,,,,2.0,,AS_NEW,compound
20313131,1070,APARTMENT,KOT,132350,residential_sale,0,17,,,0,,,,,,,2.0,,AS_NEW,compound
20313071,1070,APARTMENT,KOT,132350,residential_sale,0,17,,,0,,,,,,,2.0,,AS_NEW,compound
20313063,1070,APARTMENT,KOT,132350,residential_sale,0,17,,,0,,,,,,,2.0,,AS_NEW,compound
20313135,1070,APARTMENT,KOT,132350,residential_sale,0,17,,,0,,,,,,,2.0,,AS_NEW,compound
20313260,1070,APARTMENT,KOT,132350,residential_sale,0,17,,,0,,,,,,,2.0,,AS_NEW,compound
20313134,1070,APARTMENT,KOT,132350,residential_sale,0,17,,,0,,,,,,,2.0,,AS_NEW,compound
20313109,1070,APARTMENT,KOT,132350,residential_sale,0,17,,,0,,,,,,,2.0,,AS_NEW,compound
20313211,1070,APARTMENT,KOT,132350,residential_sale,0,17,,,0,,,,,,,2.0,,AS_NEW,compound
20313106,1070,APARTMENT,KOT,132350,residential_sale,0,17,,,0,,,,,,,2.0,,AS_NEW,compound
20313146,1070,APARTMENT,KOT,132350,residential_sale,0,17,,,0,,,,,,,2.0,,AS_NEW,compound
20313155,1070,APARTMENT,KOT,132350,residential_sale,0,17,,,0,,,,,,,2.0,,AS_NEW,compound
20313245,1070,APARTMENT,KOT,132350,residential_sale,0,17,,,0,,,,,,,2.0,,AS_NEW,compound
20313220,1070,APARTMENT,KOT,132350,residential_sale,0,17,,,0,,,,,,,2.0,,AS_NEW,compound
20313108,1070,APARTMENT,KOT,132350,residential_sale,0,17,,,0,,,,,,,2.0,,AS_NEW,compound
20313081,1070,APARTMENT,KOT,132350,residential_sale,0,17,,,0,,,,,,,2.0,,AS_NEW,compound
20313077,1070,APARTMENT,KOT,132350,residential_sale,0,17,,,0,,,,,,,2.0,,AS_NEW,compound
20313187,1070,APARTMENT,KOT,132350,residential_sale,0,17,,,0,,,,,,,2.0,,AS_NEW,compound
20313201,1070,APARTMENT,FLAT_STUDIO,199900,residential_sale,0,34,1.0,,0,1.0,6.0,,,,,2.0,,AS_NEW,compound
20313163,1070,APARTMENT,FLAT_STUDIO,213600,residential_sale,0,34,,,0,,,,,,,2.0,,AS_NEW,compound
20313055,1070,APARTMENT,FLAT_STUDIO,213600,residential_sale,0,34,,,0,,,,,,,2.0,,AS_NEW,compound
20313197,1070,APARTMENT,FLAT_STUDIO,241050,residential_sale,0,40,1.0,,0,1.0,5.0,,,,,2.0,,AS_NEW,compound
20313243,1070,APARTMENT,FLAT_STUDIO,241050,residential_sale,0,40,1.0,,0,1.0,5.0,,,,,2.0,,AS_NEW,compound
20313152,1070,APARTMENT,FLAT_STUDIO,258650,residential_sale,0,44,1.0,,0,1.0,6.0,,,,,2.0,,AS_NEW,compound
20313190,1070,APARTMENT,FLAT_STUDIO,258650,residential_sale,0,44,1.0,,0,1.0,6.0,,,,,2.0,,AS_NEW,compound
20313217,1070,APARTMENT,FLAT_STUDIO,258650,residential_sale,0,44,1.0,,0,1.0,6.0,,,,,2.0,,AS_NEW,compound
20313194,1070,APARTMENT,FLAT_STUDIO,258650,residential_sale,0,44,1.0,,0,1.0,6.0,,,,,2.0,,AS_NEW,compound
20313200,1070,APARTMENT,FLAT_STUDIO,258650,residential_sale,0,44,1.0,,0,1.0,6.0,,,,,2.0,,AS_NEW,compound
20313175,1070,APARTMENT,FLAT_STUDIO,258650,residential_sale,0,44,1.0,,0,1.0,6.0,,,,,2.0,,AS_NEW,compound
20313062,1070,APARTMENT,FLAT_STUDIO,258650,residential_sale,0,44,1.0,,0,1.0,6.0,,,,,2.0,,AS_NEW,compound
20313206,1070,APARTMENT,FLAT_STUDIO,258650,residential_sale,0,44,1.0,,0,1.0,6.0,,,,,2.0,,AS_NEW,compound
20313222,1070,APARTMENT,FLAT_STUDIO,258650,residential_sale,0,44,1.0,,0,1.0,6.0,,,,,2.0,,AS_NEW,compound
20313162,1070,APARTMENT,FLAT_STUDIO,258650,residential_sale,0,44,1.0,,0,1.0,6.0,,,,,2.0,,AS_NEW,compound
20313241,1070,APARTMENT,FLAT_STUDIO,258650,residential_sale,0,44,1.0,,0,1.0,6.0,,,,,2.0,,AS_NEW,compound
20313238,1070,APARTMENT,FLAT_STUDIO,258650,residential_sale,0,44,1.0,,0,1.0,6.0,,,,,2.0,,AS_NEW,compound
20313199,1070,APARTMENT,FLAT_STUDIO,258650,residential_sale,0,44,1.0,,0,1.0,6.0,,,,,2.0,,AS_NEW,compound
20313741,2180,APARTMENT,APARTMENT,325000,residential_sale,2,92,1.0,,0,1.0,20.0,,,,,2.0,,,compound
20317930,9700,HOUSE,HOUSE,275000,residential_sale,7,231,,0.0,0,1.0,,,,,170.0,2.0,,GOOD,single
20324239,1040,APARTMENT,APARTMENT,189000,residential_sale,1,50,1.0,0.0,0,,,,,,,2.0,0.0,TO_RENOVATE,single
20317868,9500,HOUSE,MIXED_USE_BUILDING,299999,residential_sale,3,167,1.0,,0,1.0,,1.0,895.0,895.0,1050.0,2.0,,GOOD,single
20324300,2640,APARTMENT,APARTMENT,260000,residential_sale,2,130,1.0,,0,1.0,,,,,,2.0,,GOOD,single
20321008,4300,HOUSE,MIXED_USE_BUILDING,250000,residential_sale,2,411,1.0,0.0,0,,,,,,376.0,2.0,0.0,GOOD,single
20324554,9000,APARTMENT,APARTMENT,487000,residential_sale,1,105,1.0,0.0,0,1.0,10.0,,,,,,,GOOD,single
20320124,8400,APARTMENT,APARTMENT,359000,residential_sale,2,89,1.0,,0,1.0,,,,,,,,JUST_RENOVATED,single
20314950,1081,APARTMENT,APARTMENT,275000,residential_sale,2,110,,0.0,1,1.0,26.0,,,,,,0.0,AS_NEW,single
20324292,2650,APARTMENT,APARTMENT,334000,residential_sale,2,105,1.0,,0,1.0,6.0,,,,,2.0,,JUST_RENOVATED,single
20317050,8400,APARTMENT,APARTMENT,595000,residential_sale,2,104,,0.0,0,1.0,,,,,,,,JUST_RENOVATED,single
20322668,2600,APARTMENT,APARTMENT,214500,residential_sale,2,85,1.0,,0,1.0,3.0,,,,,2.0,,GOOD,single
20324413,2100,APARTMENT,APARTMENT,314500,residential_sale,2,99,,,0,1.0,8.0,,,,,2.0,,,compound
20323983,1420,APARTMENT,PENTHOUSE,429000,residential_sale,2,112,1.0,,0,1.0,,,,,,3.0,0.0,AS_NEW,compound
20324075,1050,APARTMENT,APARTMENT,838000,residential_sale,2,134,1.0,0.0,0,1.0,9.0,,,,,2.0,,AS_NEW,compound
20319510,1050,APARTMENT,APARTMENT,395000,residential_sale,2,86,1.0,0.0,0,1.0,7.0,,,,,3.0,0.0,GOOD,single
20317692,9051,APARTMENT,APARTMENT,340000,residential_sale,2,85,1.0,0.0,0,1.0,12.0,,,,,2.0,0.0,AS_NEW,compound
20319974,1000,APARTMENT,GROUND_FLOOR,355000,residential_sale,2,95,1.0,,0,1.0,6.0,,,,,4.0,,,compound
20320144,1000,APARTMENT,APARTMENT,369000,residential_sale,2,96,1.0,,0,1.0,6.0,,,,,4.0,,AS_NEW,compound
20317660,9940,APARTMENT,APARTMENT,300000,residential_sale,1,75,1.0,0.0,0,1.0,17.0,,,,,2.0,0.0,AS_NEW,compound
20317668,9940,APARTMENT,GROUND_FLOOR,410000,residential_sale,3,146,1.0,0.0,0,1.0,29.0,,,,,2.0,0.0,AS_NEW,compound
20320254,1000,APARTMENT,APARTMENT,354000,residential_sale,2,97,1.0,,0,1.0,5.0,,,,,3.0,,AS_NEW,compound
20320269,1000,APARTMENT,APARTMENT,359000,residential_sale,2,102,1.0,,0,1.0,9.0,,,,,3.0,,AS_NEW,compound
20320260,1000,APARTMENT,APARTMENT,364000,residential_sale,2,102,1.0,,0,1.0,9.0,,,,,3.0,,AS_NEW,compound
20320268,1000,APARTMENT,APARTMENT,364000,residential_sale,2,102,1.0,,0,1.0,9.0,,,,,3.0,,,compound
20320233,1000,APARTMENT,APARTMENT,366000,residential_sale,2,102,1.0,,0,1.0,9.0,,,,,3.0,,AS_NEW,compound
20320262,1000,APARTMENT,APARTMENT,372000,residential_sale,2,103,1.0,,0,1.0,8.0,,,,,3.0,,AS_NEW,compound
20320251,1000,APARTMENT,APARTMENT,375000,residential_sale,2,103,1.0,,0,1.0,8.0,,,,,3.0,,AS_NEW,compound
20320256,1000,APARTMENT,APARTMENT,379000,residential_sale,2,103,1.0,,0,1.0,8.0,,,,,3.0,,,compound
20320261,1000,APARTMENT,GROUND_FLOOR,407000,residential_sale,3,127,1.0,,0,1.0,8.0,,,,,3.0,,AS_NEW,compound
20322667,2550,APARTMENT,APARTMENT,245000,residential_sale,1,78,1.0,,0,1.0,7.0,,,,,,,GOOD,single
20315788,9051,APARTMENT,APARTMENT,250000,residential_sale,1,59,1.0,0.0,0,1.0,10.0,,,,,,,GOOD,compound
20315824,9051,APARTMENT,APARTMENT,310000,residential_sale,2,81,1.0,0.0,0,1.0,10.0,,,,,,,GOOD,compound
20315286,9051,APARTMENT,APARTMENT,355000,residential_sale,2,91,1.0,0.0,0,1.0,14.0,,,,,,,GOOD,compound
20315820,9051,APARTMENT,APARTMENT,380000,residential_sale,2,99,1.0,0.0,0,1.0,10.0,,,,,,,GOOD,compound
20322139,1170,APARTMENT,APARTMENT,500000,residential_sale,3,160,1.0,,0,1.0,70.0,,,,,3.0,0.0,GOOD,single
20324040,8370,APARTMENT,APARTMENT,205000,residential_sale,1,55,1.0,1.0,0,1.0,,,,,,2.0,,GOOD,single
20314343,9000,APARTMENT,APARTMENT,255000,residential_sale,1,74,1.0,0.0,0,1.0,12.0,,,,,,,GOOD,compound
20314383,9000,APARTMENT,APARTMENT,320000,residential_sale,2,76,1.0,0.0,0,1.0,12.0,,,,,,,GOOD,compound
20314279,9000,APARTMENT,APARTMENT,355000,residential_sale,2,91,1.0,0.0,0,1.0,14.0,,,,,,,GOOD,compound
20314338,9000,APARTMENT,APARTMENT,390000,residential_sale,2,96,1.0,0.0,0,1.0,16.0,,,,,,,GOOD,compound
20321683,2660,HOUSE,HOUSE,295000,residential_sale,5,145,1.0,,0,1.0,20.0,1.0,176.0,176.0,277.0,2.0,,GOOD,single
20324240,1040,APARTMENT,APARTMENT,195000,residential_sale,1,50,1.0,0.0,0,,,,,,,2.0,0.0,TO_RENOVATE,single
20310301,9700,APARTMENT,APARTMENT,292105,residential_sale,2,86,1.0,0.0,0,1.0,4.0,,,,,2.0,0.0,AS_NEW,compound
20310299,9700,APARTMENT,APARTMENT,329000,residential_sale,2,101,1.0,0.0,0,1.0,8.0,,,,,2.0,0.0,AS_NEW,compound
20324034,9600,APARTMENT,APARTMENT,195000,residential_sale,1,60,1.0,,0,,,,,,,,,JUST_RENOVATED,single
20319563,8770,APARTMENT,GROUND_FLOOR,175000,residential_sale,1,85,1.0,,0,,,1.0,50.0,50.0,,2.0,,GOOD,single
20315674,1180,HOUSE,HOUSE,595000,residential_sale,4,171,1.0,0.0,0,1.0,15.0,1.0,30.0,30.0,110.0,2.0,0.0,GOOD,single
20319527,8434,APARTMENT,APARTMENT,169000,residential_sale,1,65,1.0,,0,,,,,,,2.0,,GOOD,single
20317859,1755,HOUSE,HOUSE,560000,residential_sale,4,350,1.0,,0,1.0,40.0,1.0,32.0,32.0,3270.0,3.0,,GOOD,single
20304816,2600,APARTMENT,APARTMENT,319000,residential_sale,3,100,1.0,,0,1.0,4.0,,,,,2.0,,JUST_RENOVATED,single
20324592,9620,HOUSE,VILLA,790000,residential_sale,4,600,,1.0,0,1.0,,,,,2603.0,4.0,,TO_BE_DONE_UP,single
20315651,9100,APARTMENT,APARTMENT,125000,residential_sale,1,68,1.0,,0,1.0,10.0,,,,,,,TO_RENOVATE,single
20321509,8870,APARTMENT,APARTMENT,218000,residential_sale,2,81,1.0,0.0,0,1.0,,,,,,,,,compound
20321514,8870,APARTMENT,APARTMENT,236000,residential_sale,2,83,1.0,0.0,0,1.0,,,,,,,,,compound
20321931,2490,APARTMENT,APARTMENT,287073,residential_sale,2,107,1.0,,0,1.0,14.0,,,,,2.0,,,compound
20321937,2490,APARTMENT,APARTMENT,399395,residential_sale,3,129,1.0,,0,1.0,23.0,,,,,2.0,,,compound
20321636,9052,APARTMENT,APARTMENT,367726,residential_sale,1,124,1.0,0.0,0,1.0,10.0,,,,,3.0,0.0,,compound
20321631,9052,APARTMENT,APARTMENT,419368,residential_sale,2,99,1.0,0.0,0,1.0,10.0,,,,,2.0,0.0,,compound
20321635,9052,APARTMENT,APARTMENT,429210,residential_sale,2,100,1.0,0.0,0,1.0,12.0,,,,,3.0,0.0,,compound
20321639,9052,APARTMENT,APARTMENT,556453,residential_sale,3,131,1.0,0.0,0,1.0,18.0,,,,,2.0,0.0,,compound
20321623,9000,APARTMENT,APARTMENT,666410,residential_sale,2,92,1.0,0.0,0,1.0,9.0,,,,,2.0,0.0,AS_NEW,compound
20317718,9000,APARTMENT,APARTMENT,390000,residential_sale,3,96,1.0,0.0,0,1.0,29.0,,,,,2.0,0.0,AS_NEW,compound
20320701,1000,APARTMENT,FLAT_STUDIO,265000,residential_sale,0,40,,,0,1.0,3.0,,,,,3.0,,AS_NEW,compound
20320702,1000,APARTMENT,FLAT_STUDIO,285000,residential_sale,0,40,,,0,1.0,3.0,,,,,3.0,,AS_NEW,compound
20320700,1000,APARTMENT,APARTMENT,330125,residential_sale,1,65,,,0,1.0,4.0,,,,,3.0,,AS_NEW,compound
20320703,1000,APARTMENT,APARTMENT,430000,residential_sale,2,83,,,0,1.0,4.0,,,,,3.0,,AS_NEW,compound
20318334,1070,APARTMENT,APARTMENT,291500,residential_sale,1,84,1.0,0.0,0,1.0,7.0,,,,,2.0,0.0,AS_NEW,compound
20318336,1070,APARTMENT,PENTHOUSE,385500,residential_sale,2,95,1.0,0.0,0,1.0,26.0,1.0,20.0,20.0,,2.0,0.0,AS_NEW,compound
20317585,9940,APARTMENT,GROUND_FLOOR,295000,residential_sale,1,80,1.0,0.0,0,1.0,15.0,,,,,2.0,0.0,AS_NEW,compound
20317593,9940,APARTMENT,GROUND_FLOOR,360000,residential_sale,2,103,1.0,0.0,0,1.0,21.0,,,,,2.0,0.0,AS_NEW,compound
20317719,9000,APARTMENT,APARTMENT,340000,residential_sale,2,85,1.0,0.0,0,1.0,12.0,,,,,2.0,0.0,AS_NEW,compound
20317655,9000,APARTMENT,PENTHOUSE,425000,residential_sale,2,118,1.0,0.0,0,1.0,11.0,,,,,,0.0,AS_NEW,compound
20319020,9000,APARTMENT,APARTMENT,435000,residential_sale,1,67,1.0,,0,1.0,15.0,1.0,31.0,31.0,,,,GOOD,single
20315732,1190,APARTMENT,APARTMENT,329042,residential_sale,2,93,1.0,0.0,0,1.0,13.0,,,,,2.0,0.0,AS_NEW,compound
20315734,1190,APARTMENT,APARTMENT,329081,residential_sale,2,92,1.0,0.0,0,1.0,13.0,,,,,2.0,0.0,AS_NEW,compound
20322688,8370,APARTMENT,APARTMENT,539000,residential_sale,2,91,1.0,1.0,0,1.0,,,,,,2.0,,GOOD,single
20323705,2150,APARTMENT,APARTMENT,215000,residential_sale,2,87,1.0,,0,1.0,20.0,,,,,2.0,,TO_RENOVATE,single
20314453,7000,APARTMENT,APARTMENT,278000,residential_sale,2,96,1.0,,0,1.0,5.0,,,,,4.0,,,compound
20317834,2600,APARTMENT,APARTMENT,299000,residential_sale,3,147,1.0,,0,1.0,15.0,,,,,,,GOOD,single
20320849,1180,HOUSE,HOUSE,965000,residential_sale,4,245,1.0,,1,1.0,20.0,1.0,150.0,150.0,293.0,3.0,0.0,AS_NEW,single
20310298,9051,APARTMENT,APARTMENT,369000,residential_sale,2,85,1.0,0.0,0,1.0,5.0,,,,,2.0,0.0,AS_NEW,compound
20310290,9051,APARTMENT,GROUND_FLOOR,490000,residential_sale,2,137,1.0,0.0,0,1.0,3.0,1.0,87.0,87.0,,2.0,0.0,AS_NEW,compound
20324036,9600,APARTMENT,APARTMENT,199500,residential_sale,2,71,1.0,,0,,,,,,,,,JUST_RENOVATED,single
20312392,4140,HOUSE,HOUSE,215000,residential_sale,2,164,1.0,0.0,0,1.0,30.0,1.0,1127.0,1127.0,1300.0,3.0,0.0,GOOD,single
20323877,8790,APARTMENT,APARTMENT,179000,residential_sale,2,67,,0.0,0,,,,,,,2.0,,GOOD,single
20318921,9800,APARTMENT,APARTMENT,215000,residential_sale,2,99,1.0,0.0,0,1.0,,,,,,,,TO_RENOVATE,single
20320747,1140,APARTMENT,PENTHOUSE,385000,residential_sale,2,95,1.0,0.0,0,1.0,10.0,,,,,2.0,0.0,AS_NEW,single
20324483,1040,APARTMENT,APARTMENT,210000,residential_sale,1,52,1.0,0.0,0,,,,,,,2.0,0.0,TO_RENOVATE,single
20319009,9000,APARTMENT,APARTMENT,435000,residential_sale,1,66,1.0,,0,,,,,,,,,GOOD,single
20316554,9600,HOUSE,HOUSE,285000,residential_sale,2,150,1.0,,0,1.0,,,,,170.0,2.0,,GOOD,single
20322072,2430,APARTMENT,GROUND_FLOOR,257000,residential_sale,2,91,,,0,1.0,23.0,,,,,4.0,,,compound
20322309,2500,APARTMENT,GROUND_FLOOR,339000,residential_sale,2,92,1.0,,0,1.0,19.0,1.0,54.0,54.0,,2.0,,,compound
20322310,2500,APARTMENT,APARTMENT,434000,residential_sale,2,118,1.0,,0,1.0,51.0,,,,,2.0,,,compound
20324509,9810,APARTMENT,APARTMENT,312500,residential_sale,2,78,1.0,0.0,0,1.0,5.0,,,,,,,GOOD,compound
20322452,1140,APARTMENT,DUPLEX,395000,residential_sale,3,110,1.0,0.0,0,1.0,20.0,,,,,2.0,0.0,AS_NEW,compound
20317708,9000,APARTMENT,GROUND_FLOOR,280000,residential_sale,2,76,1.0,0.0,0,1.0,12.0,,,,,2.0,0.0,AS_NEW,compound
20320204,1000,APARTMENT,APARTMENT,286000,residential_sale,1,69,1.0,,0,1.0,7.0,,,,,4.0,,AS_NEW,compound
20320654,1000,APARTMENT,GROUND_FLOOR,405000,residential_sale,2,98,1.0,,0,1.0,7.0,,,,,4.0,,,compound
20320212,1000,APARTMENT,APARTMENT,411000,residential_sale,2,104,1.0,,0,1.0,7.0,,,,,4.0,,AS_NEW,compound
20320660,1000,APARTMENT,APARTMENT,418000,residential_sale,2,98,1.0,,0,1.0,7.0,,,,,4.0,,,compound
20320649,1000,APARTMENT,APARTMENT,425000,residential_sale,2,104,1.0,,0,1.0,7.0,,,,,4.0,,AS_NEW,compound
20320650,1000,APARTMENT,APARTMENT,439000,residential_sale,2,104,1.0,,0,1.0,7.0,,,,,4.0,,,compound
20317965,1070,APARTMENT,APARTMENT,346500,residential_sale,3,101,1.0,0.0,0,1.0,7.0,,,,,2.0,0.0,AS_NEW,compound
20317970,1070,APARTMENT,PENTHOUSE,406500,residential_sale,3,101,1.0,0.0,0,1.0,26.0,1.0,19.0,19.0,,2.0,0.0,AS_NEW,compound
20320179,1000,APARTMENT,GROUND_FLOOR,407000,residential_sale,2,107,1.0,,0,1.0,10.0,,,,,4.0,,AS_NEW,compound
20320182,1000,APARTMENT,APARTMENT,425000,residential_sale,2,106,1.0,,0,1.0,10.0,,,,,4.0,,,compound
20320672,1000,APARTMENT,APARTMENT,437000,residential_sale,2,104,1.0,,0,1.0,12.0,,,,,4.0,,,compound
20320154,1000,APARTMENT,GROUND_FLOOR,366000,residential_sale,2,93,1.0,,0,1.0,8.0,,,,,4.0,,,compound
20320166,1000,APARTMENT,APARTMENT,377000,residential_sale,2,93,1.0,,0,1.0,8.0,,,,,4.0,,AS_NEW,compound
20317635,9070,APARTMENT,PENTHOUSE,585000,residential_sale,2,102,,,0,1.0,29.0,,,,,3.0,0.0,AS_NEW,compound
20317907,1030,APARTMENT,PENTHOUSE,725000,residential_sale,3,170,1.0,0.0,0,1.0,150.0,,,,,4.0,0.0,AS_NEW,single
20315448,1325,APARTMENT,APARTMENT,302810,residential_sale,1,72,1.0,0.0,0,1.0,6.0,,,,,,0.0,,compound
20315447,1325,APARTMENT,APARTMENT,364790,residential_sale,2,84,1.0,0.0,0,1.0,31.0,,,,,,1.0,,compound
20318223,9500,APARTMENT,APARTMENT,400000,residential_sale,3,252,1.0,,0,,,,,,,2.0,,GOOD,single
20321461,8660,APARTMENT,APARTMENT,1250000,residential_sale,2,138,1.0,,0,1.0,62.0,,,,,,,GOOD,single
20312244,8300,APARTMENT,APARTMENT,875000,residential_sale,2,99,,0.0,0,,,,,,,,,AS_NEW,compound
20312263,8300,APARTMENT,APARTMENT,915000,residential_sale,2,96,,0.0,0,,,,,,,,,AS_NEW,compound
20312247,8300,APARTMENT,APARTMENT,1075000,residential_sale,2,104,,0.0,0,,,,,,,,,AS_NEW,compound
20312269,8300,APARTMENT,APARTMENT,1300000,residential_sale,2,108,,0.0,0,,,,,,,,,AS_NEW,compound
20312324,8300,APARTMENT,APARTMENT,2925000,residential_sale,4,192,,0.0,0,,,,,,,,,AS_NEW,compound
20323529,2140,HOUSE,HOUSE,450000,residential_sale,3,215,1.0,,1,1.0,5.0,1.0,75.0,75.0,140.0,3.0,,TO_BE_DONE_UP,single
20321890,8300,APARTMENT,APARTMENT,1175000,residential_sale,3,89,1.0,0.0,0,1.0,,,,,,2.0,,AS_NEW,single
20315534,4020,HOUSE,HOUSE,199000,residential_sale,3,102,1.0,0.0,0,1.0,19.0,1.0,65.0,65.0,66.0,2.0,0.0,AS_NEW,single
20324296,2650,APARTMENT,APARTMENT,334000,residential_sale,2,105,1.0,,0,1.0,6.0,,,,,2.0,,JUST_RENOVATED,single
20314605,2830,APARTMENT,PENTHOUSE,299000,residential_sale,3,125,1.0,,0,1.0,7.0,,,,,2.0,,GOOD,single
20323322,7181,HOUSE,EXCEPTIONAL_PROPERTY,648000,residential_sale,4,210,1.0,0.0,0,1.0,,,,,6066.0,4.0,0.0,TO_BE_DONE_UP,single
20318981,8300,APARTMENT,APARTMENT,3850000,residential_sale,3,182,1.0,0.0,0,1.0,,,,,,2.0,,GOOD,single
20311532,9080,APARTMENT,APARTMENT,349000,residential_sale,2,120,1.0,0.0,0,1.0,2.0,,,,,,,GOOD,single
20323855,1830,HOUSE,HOUSE,489000,residential_sale,4,175,,0.0,0,,,,,,409.0,,,GOOD,single
20310776,4420,HOUSE,HOUSE,289000,residential_sale,3,141,1.0,1.0,0,1.0,20.0,1.0,492.0,492.0,600.0,4.0,0.0,AS_NEW,single
